"","ID","LATITUDE","LONGITUDE","ELEMENT","FIRSTYEAR","LASTYEAR","STATE","STATE_NAME"
"467","CA003050520",51.1833,-115.5667,"TMAX",1887,2024,"AB","ALBERTA"
"454","CA003036360",49.8,-112.1167,"TMAX",1907,2024,"AB","ALBERTA"
"437","CA003033890",49.7,-112.7667,"TMAX",1908,2024,"AB","ALBERTA"
"328","CA003011120",53.2833,-113.8667,"TMAX",1915,2023,"AB","ALBERTA"
"472","CA003053600",51.0333,-115.0333,"TMAX",1939,2024,"AB","ALBERTA"
"329","CA003011240",53.0333,-112.8167,"TMAX",1946,2024,"AB","ALBERTA"
"425","CA003031640",50,-113.6333,"TMAX",1951,2024,"AB","ALBERTA"
"521","CA003081680",54.4167,-110.2833,"TMAX",1952,2024,"AB","ALBERTA"
"461","CA003044203",49.3667,-110.6833,"TMAX",1957,2024,"AB","ALBERTA"
"347","CA003012710",53.7167,-113.1833,"TMAX",1958,2022,"AB","ALBERTA"
"341","CA00301222F",53.55,-114.1167,"TMAX",1966,2024,"AB","ALBERTA"
"445","CA003035340",50.6,-112.9833,"TMAX",1966,2024,"AB","ALBERTA"
"345","CA003012652",52.4667,-112.1167,"TMAX",1967,2023,"AB","ALBERTA"
"517","CA003075937",54.4167,-117.7333,"TMAX",1973,2022,"AB","ALBERTA"
"324","CA003010815",53.1667,-114.4833,"TMAX",1974,2023,"AB","ALBERTA"
"7242","USW00026616",66.8856,-162.6067,"TMAX",1897,2024,"AK","ALASKA"
"5558","USC00508525",59.4547,-135.3136,"TMAX",1898,2024,"AK","ALASKA"
"7233","USW00026523",60.5792,-151.2414,"TMAX",1899,2024,"AK","ALASKA"
"7243","USW00026617",64.5111,-165.44,"TMAX",1900,2024,"AK","ALASKA"
"5505","USC00502607",64.7856,-141.2036,"TMAX",1901,2024,"AK","ALASKA"
"7254","USW00027502",71.2869,-156.7394,"TMAX",1901,2024,"AK","ALASKA"
"7235","USW00026529",65.173,-152.1067,"TMAX",1902,2024,"AK","ALASKA"
"5564","USC00509641",64.8569,-147.8611,"TMAX",1904,2023,"AK","ALASKA"
"7225","USW00026438",60.1292,-149.4186,"TMAX",1908,2024,"AK","ALASKA"
"5545","USC00505884",57.8425,-152.4586,"TMAX",1909,2023,"AK","ALASKA"
"7218","USW00026410",60.4861,-145.4444,"TMAX",1909,2024,"AK","ALASKA"
"7223","USW00026425",62.1592,-145.4589,"TMAX",1909,2024,"AK","ALASKA"
"7192","USW00025325",55.3586,-131.7219,"TMAX",1910,2024,"AK","ALASKA"
"7191","USW00025323",59.2428,-135.5114,"TMAX",1911,2024,"AK","ALASKA"
"5504","USC00502587",53.895,-166.5433,"TMAX",1915,2024,"AK","ALASKA"
"1133","USC00013511",32.6922,-87.5761,"TMAX",1890,2024,"AL","ALABAMA                                       "
"1161","USC00017304",34.6736,-86.0536,"TMAX",1891,2024,"AL","ALABAMA                                       "
"1128","USC00012883",33.6794,-87.83,"TMAX",1892,2024,"AL","ALABAMA                                       "
"1119","USC00011694",32.8158,-86.6044,"TMAX",1893,2024,"AL","ALABAMA                                       "
"1164","USC00018024",33.4164,-86.135,"TMAX",1893,2024,"AL","ALABAMA                                       "
"1168","USC00018469",34.5686,-85.6064,"TMAX",1893,2023,"AL","ALABAMA                                       "
"1154","USC00016121",33.9264,-86.4211,"TMAX",1894,2024,"AL","ALABAMA                                       "
"1162","USC00017366",32.4111,-87.0144,"TMAX",1896,2024,"AL","ALABAMA                                       "
"1137","USC00013620",34.2314,-87.6353,"TMAX",1902,2024,"AL","ALABAMA                                       "
"6805","USW00013871",33.5906,-85.8478,"TMAX",1903,2024,"AL","ALABAMA                                       "
"1159","USC00017157",34.1736,-86.8133,"TMAX",1907,2023,"AL","ALABAMA                                       "
"1166","USC00018323",31.8075,-85.9722,"TMAX",1908,2023,"AL","ALABAMA                                       "
"1135","USC00013573",34.3344,-86.3297,"TMAX",1910,2024,"AL","ALABAMA                                       "
"1112","USC00010583",30.8839,-87.7853,"TMAX",1915,2024,"AL","ALABAMA                                       "
"1127","USC00012813",30.5467,-87.8808,"TMAX",1917,2024,"AL","ALABAMA                                       "
"1338","USC00035820",36.2642,-90.9683,"TMAX",1871,2024,"AR","ARKANSAS"
"7330","USW00053919",33.6361,-91.7556,"TMAX",1876,2024,"AR","ARKANSAS"
"1320","USC00034562",34.3947,-92.8364,"TMAX",1883,2024,"AR","ARKANSAS"
"1332","USC00035186",35.6042,-91.2744,"TMAX",1884,2024,"AR","ARKANSAS"
"1337","USC00035754",34.2256,-92.0186,"TMAX",1884,2024,"AR","ARKANSAS"
"1312","USC00033466",34.5128,-93.0486,"TMAX",1887,2024,"AR","ARKANSAS"
"1291","USC00031152",33.59,-92.8236,"TMAX",1890,2024,"AR","ARKANSAS"
"1341","USC00035908",33.8203,-93.3878,"TMAX",1890,2023,"AR","ARKANSAS"
"1309","USC00033164",36.1956,-93.1061,"TMAX",1891,2023,"AR","ARKANSAS"
"1325","USC00034756",34.5978,-94.29,"TMAX",1891,2024,"AR","ARKANSAS"
"1303","USC00032444",36.1011,-94.1736,"TMAX",1892,2023,"AR","ARKANSAS"
"1311","USC00033428",33.7092,-93.5564,"TMAX",1892,2024,"AR","ARKANSAS"
"1324","USC00034666",35.9117,-92.6564,"TMAX",1892,2024,"AR","ARKANSAS"
"1345","USC00036506",35.2678,-91.7167,"TMAX",1892,2024,"AR","ARKANSAS"
"6855","USW00013977",33.4561,-93.9878,"TMAX",1892,2024,"AR","ARKANSAS"
"1","AQW00061705",-14.3306,-170.7136,"TMAX",1966,2024,"AS","AMERICAN SAMOA"
"1203","USC00023393",32.9381,-112.6811,"TMAX",1892,2023,"AZ","ARIZONA"
"1228","USC00026250",34.1547,-114.2908,"TMAX",1893,2024,"AZ","ARIZONA"
"1261","USC00028619",31.7119,-110.0686,"TMAX",1893,2024,"AZ","ARIZONA"
"6513","USW00003103",35.1442,-111.6664,"TMAX",1893,2024,"AZ","ARIZONA"
"1210","USC00024453",34.7539,-112.1114,"TMAX",1897,2024,"AZ","ARIZONA"
"1270","USC00029359",35.2414,-112.1928,"TMAX",1897,2024,"AZ","ARIZONA"
"1238","USC00026796",34.5706,-112.4322,"TMAX",1898,2024,"AZ","ARIZONA"
"7067","USW00023194",35.0281,-110.7219,"TMAX",1898,2024,"AZ","ARIZONA"
"1196","USC00022754",32.7481,-109.1214,"TMAX",1901,2023,"AZ","ARIZONA"
"1244","USC00027435",34.5172,-109.4028,"TMAX",1901,2024,"AZ","ARIZONA"
"1190","USC00021306",32.8875,-111.7147,"TMAX",1903,2024,"AZ","ARIZONA"
"1247","USC00027560",32.2933,-109.2269,"TMAX",1903,2024,"AZ","ARIZONA"
"1269","USC00029334",32.2553,-109.8369,"TMAX",1903,2024,"AZ","ARIZONA"
"1249","USC00027716",35.3319,-112.8794,"TMAX",1904,2024,"AZ","ARIZONA"
"1241","USC00027281",33.6489,-111.1089,"TMAX",1905,2024,"AZ","ARIZONA"
"100","CA001090660",53.0667,-121.5167,"TMAX",1888,2023,"BC","BRITISH COLUMBIA"
"112","CA001100120",49.25,-121.7667,"TMAX",1889,2023,"BC","BRITISH COLUMBIA"
"46","CA001036570",50.5333,-127.65,"TMAX",1895,2024,"BC","BRITISH COLUMBIA"
"18","CA001018610",48.4167,-123.3167,"TMAX",1898,2024,"BC","BRITISH COLUMBIA"
"188","CA001173210",51.3,-116.9833,"TMAX",1902,2024,"BC","BRITISH COLUMBIA"
"40","CA001032730",49.3833,-126.55,"TMAX",1908,2024,"BC","BRITISH COLUMBIA"
"15","CA001017230",48.65,-123.6333,"TMAX",1913,2023,"BC","BRITISH COLUMBIA"
"169","CA001152850",49.4833,-115.0667,"TMAX",1913,2024,"BC","BRITISH COLUMBIA"
"182","CA001168520",51.5833,-119.7833,"TMAX",1913,2024,"BC","BRITISH COLUMBIA"
"11","CA001016940",48.6167,-123.4167,"TMAX",1914,2023,"BC","BRITISH COLUMBIA"
"45","CA001035940",48.7167,-125.1,"TMAX",1924,2024,"BC","BRITISH COLUMBIA"
"146","CA001125766",49.1833,-119.55,"TMAX",1924,2022,"BC","BRITISH COLUMBIA"
"145","CA001125700",50.05,-119.45,"TMAX",1926,2022,"BC","BRITISH COLUMBIA"
"134","CA001108910",49.0167,-122.7833,"TMAX",1929,2024,"BC","BRITISH COLUMBIA"
"65","CA001054500",54.25,-133.05,"TMAX",1936,2024,"BC","BRITISH COLUMBIA"
"1413","USC00043157",41.8714,-120.1575,"TMAX",1870,2023,"CA","CALIFORNIA"
"7082","USW00023271",38.5553,-121.4183,"TMAX",1877,2024,"CA","CALIFORNIA"
"1365","USC00040693",37.8744,-122.2606,"TMAX",1893,2024,"CA","CALIFORNIA"
"1398","USC00042294",38.535,-121.7761,"TMAX",1893,2024,"CA","CALIFORNIA"
"1447","USC00044412",33.0764,-116.5925,"TMAX",1893,2024,"CA","CALIFORNIA"
"1477","USC00046074",38.2778,-122.2647,"TMAX",1893,2024,"CA","CALIFORNIA"
"1478","USC00046136",39.2467,-121.0008,"TMAX",1893,2024,"CA","CALIFORNIA"
"1498","USC00046719",34.1483,-118.1447,"TMAX",1893,2024,"CA","CALIFORNIA"
"1501","USC00046826",38.2578,-122.6078,"TMAX",1893,2024,"CA","CALIFORNIA"
"1517","USC00047821",37.3594,-121.9244,"TMAX",1893,2024,"CA","CALIFORNIA"
"1521","USC00047902",34.4167,-119.6844,"TMAX",1893,2024,"CA","CALIFORNIA"
"1522","USC00047916",36.9878,-121.9994,"TMAX",1893,2022,"CA","CALIFORNIA"
"1530","USC00048351",38.2994,-122.4622,"TMAX",1893,2023,"CA","CALIFORNIA"
"1568","USC00049866",41.7031,-122.6414,"TMAX",1893,2024,"CA","CALIFORNIA"
"1383","USC00041614",41.53,-120.1792,"TMAX",1894,2024,"CA","CALIFORNIA"
"1571","USC00050109",40.155,-103.1417,"TMAX",1893,2024,"CO","COLORADO"
"1583","USC00050848",39.9919,-105.2667,"TMAX",1893,2024,"CO","COLORADO"
"1592","USC00051294",38.46,-105.2256,"TMAX",1893,2024,"CO","COLORADO"
"1593","USC00051401",39.3867,-104.8642,"TMAX",1893,2024,"CO","COLORADO"
"1609","USC00052184",37.6911,-106.3078,"TMAX",1893,2024,"CO","COLORADO"
"1625","USC00053005",40.5764,-105.0858,"TMAX",1893,2024,"CO","COLORADO"
"1630","USC00053146",39.1444,-108.7281,"TMAX",1893,2024,"CO","COLORADO"
"1633","USC00053261",39.7053,-105.6997,"TMAX",1893,2024,"CO","COLORADO"
"1635","USC00053359",39.5556,-107.3383,"TMAX",1893,2023,"CO","COLORADO"
"1646","USC00053662",38.5253,-106.9672,"TMAX",1893,2024,"CO","COLORADO"
"1655","USC00054413",40.9878,-102.2653,"TMAX",1893,2024,"CO","COLORADO"
"1668","USC00054770",38.0936,-102.6306,"TMAX",1893,2024,"CO","COLORADO"
"1669","USC00054834",38.0636,-103.2153,"TMAX",1893,2023,"CO","COLORADO"
"1671","USC00054945",40.5147,-102.9906,"TMAX",1893,2024,"CO","COLORADO"
"1673","USC00055116",40.1694,-105.0775,"TMAX",1893,2024,"CO","COLORADO"
"1747","USC00065445",41.9725,-73.2208,"TMAX",1884,2024,"CT","CONNECTICUT"
"1751","USC00068138",41.795,-72.2286,"TMAX",1888,2024,"CT","CONNECTICUT"
"6898","USW00014752",41.7353,-72.6511,"TMAX",1920,2024,"CT","CONNECTICUT"
"1744","USC00061762",41.4003,-73.4211,"TMAX",1937,2022,"CT","CONNECTICUT"
"6903","USW00014758",41.2589,-72.8892,"TMAX",1948,2024,"CT","CONNECTICUT"
"7663","USW00094702",41.1642,-73.1267,"TMAX",1948,2024,"CT","CONNECTICUT"
"6890","USW00014740",41.9375,-72.6819,"TMAX",1949,2024,"CT","CONNECTICUT"
"1750","USC00067970",41.1247,-73.5475,"TMAX",1955,2022,"CT","CONNECTICUT"
"1748","USC00065910",41.5267,-72.0653,"TMAX",1956,2024,"CT","CONNECTICUT"
"1743","USC00060973",41.7944,-72.9319,"TMAX",1961,2023,"CT","CONNECTICUT"
"1752","USC00069388",41.9442,-71.9031,"TMAX",1965,2024,"CT","CONNECTICUT"
"1740","USC00060227",41.8417,-73.0086,"TMAX",1990,2024,"CT","CONNECTICUT"
"7378","USW00054767",41.7425,-72.1825,"TMAX",1996,2024,"CT","CONNECTICUT"
"7370","USW00054734",41.3722,-73.4833,"TMAX",1998,2024,"CT","CONNECTICUT"
"6878","USW00014707",41.3281,-72.0489,"TMAX",1999,2024,"CT","CONNECTICUT"
"NA",NA,NA,NA,NA,NA,NA,NA,NA
"1753","USC00072730",39.1467,-75.5056,"TMAX",1893,2024,"DE","DELAWARE"
"1755","USC00076410",39.6683,-75.7456,"TMAX",1894,2024,"DE","DELAWARE"
"6788","USW00013781",39.6744,-75.6056,"TMAX",1931,2024,"DE","DELAWARE"
"1756","USC00079605",39.7739,-75.5414,"TMAX",1932,2023,"DE","DELAWARE"
"1754","USC00075320",38.7842,-75.1581,"TMAX",1945,2024,"DE","DELAWARE"
"6783","USW00013764",38.6897,-75.3625,"TMAX",1945,2024,"DE","DELAWARE"
"1761","USC00080478",27.8861,-81.8325,"TMAX",1892,2023,"FL","FLORIDA"
"1771","USC00082229",29.0097,-81.2981,"TMAX",1892,2024,"FL","FLORIDA"
"1773","USC00082944",30.6669,-81.4525,"TMAX",1892,2023,"FL","FLORIDA"
"1793","USC00084731",30.1853,-82.5942,"TMAX",1892,2024,"FL","FLORIDA"
"1821","USC00087205",28.0208,-82.1386,"TMAX",1892,2024,"FL","FLORIDA"
"1836","USC00088824",28.1522,-82.7539,"TMAX",1892,2024,"FL","FLORIDA"
"6701","USW00012835",26.585,-81.8614,"TMAX",1892,2024,"FL","FLORIDA"
"6705","USW00012841",28.5467,-81.3356,"TMAX",1892,2024,"FL","FLORIDA"
"1759","USC00080369",27.5947,-81.5267,"TMAX",1893,2022,"FL","FLORIDA"
"1811","USC00086414",29.1639,-82.0778,"TMAX",1893,2024,"FL","FLORIDA"
"1829","USC00087851",28.3378,-82.26,"TMAX",1895,2023,"FL","FLORIDA"
"1820","USC00087025",30.0986,-83.5742,"TMAX",1897,2023,"FL","FLORIDA"
"1796","USC00085099",30.2889,-82.965,"TMAX",1898,2024,"FL","FLORIDA"
"1784","USC00084289",28.8028,-82.3128,"TMAX",1899,2023,"FL","FLORIDA"
"1777","USC00083207",27.4419,-80.3508,"TMAX",1901,2024,"FL","FLORIDA"
"1061","FMW00040308",9.4833,138.0833,"TMAX",1951,2024,"FM","MICRONESIA"
"1062","FMW00040504",6.9667,158.2167,"TMAX",1951,2024,"FM","MICRONESIA"
"1063","FMW00040505",7.4667,151.85,"TMAX",1951,2024,"FM","MICRONESIA"
"1057","FMC00914395",5.3544,162.9533,"TMAX",1954,2024,"FM","MICRONESIA"
"1056","FMC00914325",1.0833,154.8,"TMAX",1968,2024,"FM","MICRONESIA"
"1060","FMC00914843",5.3264,163.005,"TMAX",1990,2023,"FM","MICRONESIA"
"1059","FMC00914720",6.2167,160.7,"TMAX",1997,2024,"FM","MICRONESIA"
"1055","FMC00914251",8.55,151.9092,"TMAX",2003,2023,"FM","MICRONESIA"
"1058","FMC00914590",3.85,155.0167,"TMAX",2014,2024,"FM","MICRONESIA"
"1866","USC00092966",32.2003,-83.2058,"TMAX",1891,2024,"GA","GEORGIA"
"1867","USC00093060",34.1408,-82.855,"TMAX",1891,2024,"GA","GEORGIA"
"1869","USC00093621",34.3006,-83.86,"TMAX",1891,2024,"GA","GEORGIA"
"1883","USC00095988",33.3328,-83.6975,"TMAX",1891,2024,"GA","GEORGIA"
"1888","USC00096335",33.3997,-84.915,"TMAX",1891,2023,"GA","GEORGIA"
"1900","USC00098740",34.5786,-83.3319,"TMAX",1891,2024,"GA","GEORGIA"
"1902","USC00099194",33.0714,-82.0072,"TMAX",1891,2024,"GA","GEORGIA"
"1858","USC00092266",31.985,-83.7747,"TMAX",1892,2024,"GA","GEORGIA"
"1873","USC00094170",32.2842,-83.4681,"TMAX",1892,2024,"GA","GEORGIA"
"1878","USC00094941",34.8531,-85.3142,"TMAX",1892,2023,"GA","GEORGIA"
"1879","USC00095204",33.7764,-82.4714,"TMAX",1892,2024,"GA","GEORGIA"
"1849","USC00091500",31.1903,-84.2036,"TMAX",1893,2024,"GA","GEORGIA"
"1854","USC00091982",34.8878,-83.3967,"TMAX",1893,2024,"GA","GEORGIA"
"1880","USC00095314",33.0125,-82.3914,"TMAX",1893,2024,"GA","GEORGIA"
"1892","USC00097600",34.2414,-85.1583,"TMAX",1893,2024,"GA","GEORGIA"
"1065","GQW00041415",13.4833,144.8,"TMAX",1945,2024,"GU","GUAM"
"1064","GQC00914025",13.5761,144.9281,"TMAX",1953,2023,"GU","GUAM"
"5576","USC00512570",21.695,-157.9811,"TMAX",1905,2023,"HI","HAWAII"
"5577","USC00512679",20.8906,-156.2128,"TMAX",1905,2022,"HI","HAWAII"
"5579","USC00513977",19.4917,-155.9117,"TMAX",1905,2024,"HI","HAWAII"
"5588","USC00515864",21.9189,-159.6278,"TMAX",1905,2024,"HI","HAWAII"
"5592","USC00517312",20.04,-155.3725,"TMAX",1934,2023,"HI","HAWAII"
"7003","USW00022508",21.4833,-158.0333,"TMAX",1939,2024,"HI","HAWAII"
"5574","USC00511004",20.7603,-156.2469,"TMAX",1940,2022,"HI","HAWAII"
"7006","USW00022521",21.3239,-157.9394,"TMAX",1940,2024,"HI","HAWAII"
"7005","USW00022519",21.4506,-157.7681,"TMAX",1942,2024,"HI","HAWAII"
"5573","USC00510470",21.9058,-159.5789,"TMAX",1949,2023,"HI","HAWAII"
"5585","USC00515275",20.7894,-156.9486,"TMAX",1949,2024,"HI","HAWAII"
"6996","USW00021504",19.7192,-155.0489,"TMAX",1949,2024,"HI","HAWAII"
"7007","USW00022534",21.1544,-157.0961,"TMAX",1949,2024,"HI","HAWAII"
"5575","USC00511125",20.7947,-156.0153,"TMAX",1950,2023,"HI","HAWAII"
"7008","USW00022536",21.9806,-159.3386,"TMAX",1950,2024,"HI","HAWAII"
"2196","USC00131319",42.0497,-91.5881,"TMAX",1892,2024,"IA","IOWA"
"2180","USC00130133",43.0664,-94.2222,"TMAX",1893,2024,"IA","IOWA"
"2186","USC00130364",41.4175,-95.0042,"TMAX",1893,2023,"IA","IOWA"
"2187","USC00130385",41.7069,-94.9222,"TMAX",1893,2024,"IA","IOWA"
"2190","USC00130600",41.8814,-92.2764,"TMAX",1893,2024,"IA","IOWA"
"2194","USC00131233",42.065,-94.85,"TMAX",1893,2024,"IA","IOWA"
"2197","USC00131354",40.7325,-92.89,"TMAX",1893,2024,"IA","IOWA"
"2199","USC00131402",43.0603,-92.6717,"TMAX",1893,2024,"IA","IOWA"
"2201","USC00131533",40.7244,-95.0192,"TMAX",1893,2024,"IA","IOWA"
"2202","USC00131635",41.7947,-90.2639,"TMAX",1893,2024,"IA","IOWA"
"2204","USC00131833",40.9883,-94.7589,"TMAX",1893,2024,"IA","IOWA"
"2208","USC00132110",43.3042,-91.7953,"TMAX",1893,2024,"IA","IOWA"
"2209","USC00132171",42.0364,-95.3289,"TMAX",1893,2024,"IA","IOWA"
"2214","USC00132603",42.7753,-91.4536,"TMAX",1893,2024,"IA","IOWA"
"2215","USC00132689",43.1025,-94.6833,"TMAX",1893,2023,"IA","IOWA"
"1967","USC00106891",44.0764,-116.9311,"TMAX",1892,2024,"ID","IDAHO"
"1960","USC00106152",46.7281,-116.9558,"TMAX",1893,2024,"ID","IDAHO"
"1964","USC00106542",42.2339,-113.8925,"TMAX",1893,2023,"ID","IDAHO"
"1917","USC00101408",44.5733,-116.6753,"TMAX",1894,2022,"ID","IDAHO"
"1911","USC00100915",43.1917,-112.3453,"TMAX",1895,2024,"ID","IDAHO"
"1920","USC00101956",47.6822,-116.7967,"TMAX",1895,2024,"ID","IDAHO"
"1927","USC00102667",42.4261,-112.1253,"TMAX",1895,2024,"ID","IDAHO"
"1983","USC00108022",43.9522,-111.6786,"TMAX",1895,2023,"ID","IDAHO"
"1965","USC00106586",44.1769,-116.2903,"TMAX",1896,2024,"ID","IDAHO"
"1981","USC00107706",45.3542,-116.395,"TMAX",1896,2024,"ID","IDAHO"
"1907","USC00100470",44.0708,-111.4564,"TMAX",1897,2024,"ID","IDAHO"
"1984","USC00108062",47.3164,-116.5789,"TMAX",1897,2024,"ID","IDAHO"
"1977","USC00107386",48.3511,-116.8353,"TMAX",1898,2024,"ID","IDAHO"
"1928","USC00102676",43.7792,-111.1111,"TMAX",1904,2023,"ID","IDAHO"
"1937","USC00103631",42.9403,-115.3231,"TMAX",1905,2024,"ID","IDAHO"
"2086","USC00117391",41.5181,-90.5647,"TMAX",1872,2024,"IL","ILLINOIS"
"2071","USC00116526",41.3281,-88.9097,"TMAX",1892,2024,"IL","ILLINOIS"
"2002","USC00110338",41.7803,-88.3092,"TMAX",1893,2024,"IL","ILLINOIS"
"2007","USC00111280",39.2881,-89.8697,"TMAX",1893,2022,"IL","ILLINOIS"
"2010","USC00111329",39.2975,-87.9747,"TMAX",1893,2024,"IL","ILLINOIS"
"2018","USC00112193",39.8289,-88.9506,"TMAX",1893,2024,"IL","ILLINOIS"
"2020","USC00112348",41.835,-89.5136,"TMAX",1893,2024,"IL","ILLINOIS"
"2032","USC00113335",41.1739,-90.035,"TMAX",1893,2023,"IL","ILLINOIS"
"2058","USC00115768",40.9442,-90.6381,"TMAX",1893,2023,"IL","ILLINOIS"
"2073","USC00116610",39.6186,-87.6672,"TMAX",1893,2024,"IL","ILLINOIS"
"2096","USC00118684",39.7947,-88.2911,"TMAX",1893,2024,"IL","ILLINOIS"
"2098","USC00118916",41.5603,-89.6025,"TMAX",1893,2024,"IL","ILLINOIS"
"2099","USC00119241",39.4408,-90.3789,"TMAX",1893,2024,"IL","ILLINOIS"
"2001","USC00110187",37.5222,-89.2486,"TMAX",1895,2024,"IL","ILLINOIS"
"2017","USC00112140",40.1392,-87.6478,"TMAX",1895,2024,"IL","ILLINOIS"
"2113","USC00121747",39.1661,-85.9228,"TMAX",1893,2024,"IN","INDIANA"
"2120","USC00122825",40.2539,-85.1483,"TMAX",1893,2024,"IN","INDIANA"
"2140","USC00125117",40.7478,-86.3878,"TMAX",1893,2023,"IN","INDIANA"
"2142","USC00125337",40.58,-85.6586,"TMAX",1893,2024,"IN","INDIANA"
"2144","USC00126001",37.9286,-87.8956,"TMAX",1893,2024,"IN","INDIANA"
"2150","USC00126580",38.8878,-86.5519,"TMAX",1893,2024,"IN","INDIANA"
"2159","USC00127522",39.7594,-87.2269,"TMAX",1893,2024,"IN","INDIANA"
"2161","USC00127935",38.9542,-85.9044,"TMAX",1893,2024,"IN","INDIANA"
"2163","USC00127999",39.5283,-85.7914,"TMAX",1893,2024,"IN","INDIANA"
"6944","USW00014848",41.7072,-86.3164,"TMAX",1893,2024,"IN","INDIANA"
"2101","USC00120177",40.1117,-85.7164,"TMAX",1895,2023,"IN","INDIANA"
"2104","USC00120784",39.1739,-86.5208,"TMAX",1895,2024,"IN","INDIANA"
"2174","USC00129240",41.2633,-85.8678,"TMAX",1896,2023,"IN","INDIANA"
"2175","USC00129253",38.6489,-87.1989,"TMAX",1896,2024,"IN","INDIANA"
"2106","USC00120852",38.0303,-87.2736,"TMAX",1897,2024,"IN","INDIANA"
"2358","USC00144559",38.9583,-95.2514,"TMAX",1868,2023,"KS","KANSAS"
"6859","USW00013984",39.5514,-97.6508,"TMAX",1885,2024,"KS","KANSAS"
"2339","USC00143810",39.6678,-95.52,"TMAX",1891,2024,"KS","KANSAS"
"2308","USC00141740",37.1681,-94.83,"TMAX",1892,2024,"KS","KANSAS"
"2331","USC00143527",38.8586,-99.3358,"TMAX",1892,2023,"KS","KANSAS"
"2370","USC00145363",39.1247,-97.7047,"TMAX",1892,2024,"KS","KANSAS"
"2289","USC00140010",38.9267,-97.2128,"TMAX",1893,2024,"KS","KANSAS"
"2296","USC00140693",39.4575,-98.1125,"TMAX",1893,2024,"KS","KANSAS"
"2307","USC00141704",37.2733,-99.3289,"TMAX",1893,2024,"KS","KANSAS"
"2313","USC00142401",37.8183,-96.8444,"TMAX",1893,2024,"KS","KANSAS"
"2319","USC00142827",39.0572,-96.765,"TMAX",1893,2023,"KS","KANSAS"
"2329","USC00143239",37.6025,-99.3022,"TMAX",1893,2024,"KS","KANSAS"
"2346","USC00143954",37.2364,-95.7003,"TMAX",1893,2024,"KS","KANSAS"
"2353","USC00144341",37.0175,-98.49,"TMAX",1893,2023,"KS","KANSAS"
"2356","USC00144464",37.9411,-101.2492,"TMAX",1893,2024,"KS","KANSAS"
"7553","USW00093820",38.0339,-84.6114,"TMAX",1872,2024,"KY","KENTUCKY"
"2447","USC00155640",38.0583,-83.9333,"TMAX",1892,2023,"KY","KENTUCKY"
"2459","USC00157049",36.855,-86.8883,"TMAX",1893,2024,"KY","KENTUCKY"
"7545","USW00093808",36.9647,-86.4239,"TMAX",1893,2024,"KY","KENTUCKY"
"2434","USC00153762",37.7558,-87.6456,"TMAX",1894,2023,"KY","KENTUCKY"
"2435","USC00153994",36.8489,-87.5208,"TMAX",1896,2023,"KY","KENTUCKY"
"2444","USC00155243",38.6869,-83.7872,"TMAX",1896,2024,"KY","KENTUCKY"
"2452","USC00156091",37.7797,-87.0686,"TMAX",1896,2024,"KY","KENTUCKY"
"2417","USC00150254",38.4536,-82.6131,"TMAX",1897,2023,"KY","KENTUCKY"
"2432","USC00152791",38.1228,-83.5328,"TMAX",1904,2024,"KY","KENTUCKY"
"2456","USC00156624",37.5336,-83.3489,"TMAX",1925,2022,"KY","KENTUCKY"
"2448","USC00155694",36.6122,-88.3011,"TMAX",1926,2024,"KY","KENTUCKY"
"2443","USC00155097",37.1317,-86.1481,"TMAX",1934,2024,"KY","KENTUCKY"
"2464","USC00157677",36.6736,-84.4792,"TMAX",1936,2023,"KY","KENTUCKY"
"2461","USC00157215",36.7461,-86.2258,"TMAX",1946,2024,"KY","KENTUCKY"
"2494","USC00166657",30.0292,-91.8844,"TMAX",1891,2024,"LA","LOUISIANA"
"2470","USC00160098",31.3206,-92.4611,"TMAX",1892,2024,"LA","LOUISIANA"
"2475","USC00161411",32.5372,-92.3597,"TMAX",1892,2022,"LA","LOUISIANA"
"2483","USC00164674",29.9592,-91.7108,"TMAX",1892,2024,"LA","LOUISIANA"
"2478","USC00162151",30.5272,-90.1114,"TMAX",1893,2023,"LA","LOUISIANA"
"2479","USC00162534",30.0719,-91.0278,"TMAX",1893,2024,"LA","LOUISIANA"
"2480","USC00163313",29.8233,-91.5442,"TMAX",1893,2024,"LA","LOUISIANA"
"2481","USC00163800",30.4183,-92.0442,"TMAX",1893,2023,"LA","LOUISIANA"
"2482","USC00164355",32.81,-93.0625,"TMAX",1893,2024,"LA","LOUISIANA"
"2508","USC00169806",32.0997,-91.7022,"TMAX",1893,2024,"LA","LOUISIANA"
"6738","USW00012930",29.9167,-90.1303,"TMAX",1893,2024,"LA","LOUISIANA"
"6854","USW00013976",30.1986,-91.9894,"TMAX",1893,2024,"LA","LOUISIANA"
"2500","USC00168163",31.9497,-91.2336,"TMAX",1894,2024,"LA","LOUISIANA"
"2485","USC00164700",30.2003,-92.6642,"TMAX",1897,2024,"LA","LOUISIANA"
"2487","USC00165065",30.0206,-92.7681,"TMAX",1901,2024,"LA","LOUISIANA"
"2605","USC00194313",42.6408,-71.3636,"TMAX",1885,2024,"MA","MASSACHUSETTS"
"2579","USC00190120",42.3861,-72.5375,"TMAX",1893,2024,"MA","MASSACHUSETTS"
"2586","USC00190736",42.2122,-71.1136,"TMAX",1893,2024,"MA","MASSACHUSETTS"
"2600","USC00193821",41.665,-70.3039,"TMAX",1893,2023,"MA","MASSACHUSETTS"
"2602","USC00194105",42.6992,-71.1658,"TMAX",1893,2024,"MA","MASSACHUSETTS"
"2607","USC00194711",41.8819,-70.9086,"TMAX",1893,2023,"MA","MASSACHUSETTS"
"2588","USC00190860",42.0475,-71.0081,"TMAX",1894,2024,"MA","MASSACHUSETTS"
"2598","USC00193505",42.7594,-71.0603,"TMAX",1899,2023,"MA","MASSACHUSETTS"
"2610","USC00196938",41.785,-70.9175,"TMAX",1900,2024,"MA","MASSACHUSETTS"
"2580","USC00190190",42.6178,-71.9158,"TMAX",1906,2024,"MA","MASSACHUSETTS"
"2593","USC00192451",41.7653,-70.6697,"TMAX",1912,2023,"MA","MASSACHUSETTS"
"2609","USC00195984",41.9928,-71.1667,"TMAX",1913,2024,"MA","MASSACHUSETTS"
"6905","USW00014763",42.4269,-73.2892,"TMAX",1925,2024,"MA","MASSACHUSETTS"
"2608","USC00194744",42.5933,-71.0186,"TMAX",1935,2024,"MA","MASSACHUSETTS"
"6889","USW00014739",42.3606,-71.0097,"TMAX",1936,2024,"MA","MASSACHUSETTS"
"618","CA005031320",49.6167,-95.2,"TMAX",1915,2024,"MB","MANITOBA"
"631","CA005050920",54.7667,-101.8833,"TMAX",1927,2024,"MB","MANITOBA"
"632","CA005052880",53.9667,-101.1,"TMAX",1943,2024,"MB","MANITOBA"
"620","CA005032360",49.85,-95.5333,"TMAX",1948,2024,"MB","MANITOBA"
"603","CA005021220",49.0333,-97.5667,"TMAX",1955,2024,"MB","MANITOBA"
"606","CA005022125",49.1833,-98.9,"TMAX",1957,2024,"MB","MANITOBA"
"589","CA005010140",49.2833,-99.3,"TMAX",1963,2024,"MB","MANITOBA"
"599","CA005013117",50.65,-99.95,"TMAX",1966,2024,"MB","MANITOBA"
"643","CA005062922",55.8,-97.8667,"TMAX",1967,2024,"MB","MANITOBA"
"604","CA005021695",50.0167,-97.8,"TMAX",1969,2024,"MB","MANITOBA"
"627","CA005043158",50.7167,-99.5333,"TMAX",1971,2024,"MB","MANITOBA"
"608","CA005022791",50.1167,-97.1667,"TMAX",1972,2024,"MB","MANITOBA"
"638","CA005061648",56.8667,-101.0833,"TMAX",1977,2024,"MB","MANITOBA"
"639","CA005061649",56.85,-101.0667,"TMAX",1977,2024,"MB","MANITOBA"
"625","CA005040FJ3",52.0333,-100.65,"TMAX",1984,2023,"MB","MANITOBA"
"2569","USC00186620",39.4131,-79.4003,"TMAX",1893,2024,"MD","MARYLAND"
"2577","USC00188405",38.32,-76.4528,"TMAX",1893,2023,"MD","MARYLAND"
"2558","USC00181790",39.6403,-77.6978,"TMAX",1899,2024,"MD","MARYLAND"
"2576","USC00188380",38.2317,-75.3761,"TMAX",1916,2023,"MD","MARYLAND"
"6761","USW00013701",39.4717,-76.1697,"TMAX",1919,2024,"MD","MARYLAND"
"2578","USC00188557",38.9719,-76.3381,"TMAX",1926,2024,"MD","MARYLAND"
"2575","USC00188315",39.5228,-79.4131,"TMAX",1928,2024,"MD","MARYLAND"
"2559","USC00182060",39.6556,-76.175,"TMAX",1936,2023,"MD","MARYLAND"
"7522","USW00093721",39.1733,-76.6842,"TMAX",1939,2024,"MD","MARYLAND"
"2557","USC00180700",39.0303,-76.9314,"TMAX",1941,2024,"MD","MARYLAND"
"6762","USW00013721",38.3,-76.4167,"TMAX",1945,2024,"MD","MARYLAND"
"6780","USW00013752",38.9914,-76.4892,"TMAX",1945,2024,"MD","MARYLAND"
"2562","USC00182325",38.9386,-77.1133,"TMAX",1948,2023,"MD","MARYLAND"
"2568","USC00186350",38.9133,-76.97,"TMAX",1948,2023,"MD","MARYLAND"
"2571","USC00187806",38.7153,-76.1908,"TMAX",1948,2023,"MD","MARYLAND"
"2524","USC00173046",44.2203,-69.7889,"TMAX",1886,2023,"ME","MAINE"
"2522","USC00172765",44.6894,-70.1564,"TMAX",1893,2023,"ME","MAINE"
"2523","USC00172878",47.2386,-68.6119,"TMAX",1893,2024,"ME","MAINE"
"2536","USC00174927",44.7975,-69.8889,"TMAX",1894,2024,"ME","MAINE"
"2531","USC00174086",45.6261,-70.2461,"TMAX",1897,2024,"ME","MAINE"
"2511","USC00170480",44.3953,-68.9894,"TMAX",1901,2022,"ME","MAINE"
"2556","USC00179891",45.1542,-67.3986,"TMAX",1917,2024,"ME","MAINE"
"2527","USC00173353",45.4631,-69.5553,"TMAX",1920,2024,"ME","MAINE"
"2513","USC00170814",45.6603,-69.812,"TMAX",1929,2024,"ME","MAINE"
"2538","USC00175460",45.5853,-69.7186,"TMAX",1931,2024,"ME","MAINE"
"6873","USW00014607",46.8706,-68.0172,"TMAX",1939,2024,"ME","MAINE"
"6906","USW00014764",43.6425,-70.3045,"TMAX",1940,2024,"ME","MAINE"
"6875","USW00014610",45.6478,-68.6925,"TMAX",1944,2024,"ME","MAINE"
"2516","USC00171628",44.9197,-69.2417,"TMAX",1947,2024,"ME","MAINE"
"6871","USW00014605",44.3161,-69.7969,"TMAX",1948,2024,"ME","MAINE"
"1075","RMW00040604",8.7333,167.7333,"TMAX",1952,2024,"MH","MARSHALL ISLANDS"
"1076","RMW00040710",7.065,171.2719,"TMAX",1955,2024,"MH","MARSHALL ISLANDS"
"1071","RMC00913915",7.2667,168.8333,"TMAX",2014,2024,"MH","MARSHALL ISLANDS"
"1072","RMC00914304",5.9167,169.65,"TMAX",2014,2022,"MH","MARSHALL ISLANDS"
"1073","RMC00914487",6.0833,171.7333,"TMAX",2014,2024,"MH","MARSHALL ISLANDS"
"1074","RMC00914903",9.4667,170.25,"TMAX",2014,2024,"MH","MARSHALL ISLANDS"
"6936","USW00014838",46.5458,-87.3794,"TMAX",1860,2024,"MI","MICHIGAN"
"2616","USC00200032",41.9164,-84.0164,"TMAX",1887,2024,"MI","MICHIGAN"
"2619","USC00200146",43.3869,-84.6481,"TMAX",1887,2024,"MI","MICHIGAN"
"2629","USC00200718",46.5869,-89.5475,"TMAX",1888,2024,"MI","MICHIGAN"
"2704","USC00205065",44.2114,-86.2939,"TMAX",1888,2024,"MI","MICHIGAN"
"2656","USC00202423",44.2839,-83.5036,"TMAX",1890,2024,"MI","MICHIGAN"
"2622","USC00200230",42.2981,-83.6639,"TMAX",1891,2024,"MI","MICHIGAN"
"2640","USC00201468",45.3172,-85.2672,"TMAX",1891,2024,"MI","MICHIGAN"
"2642","USC00201492",45.6522,-84.4725,"TMAX",1891,2024,"MI","MICHIGAN"
"2673","USC00203391",44.6547,-84.6997,"TMAX",1891,2023,"MI","MICHIGAN"
"2685","USC00203823",41.9353,-84.6411,"TMAX",1891,2023,"MI","MICHIGAN"
"2727","USC00206507",45.3725,-84.9767,"TMAX",1891,2024,"MI","MICHIGAN"
"6930","USW00014828",43.9758,-84.4908,"TMAX",1892,2024,"MI","MICHIGAN"
"2628","USC00200710",42.1244,-86.4267,"TMAX",1893,2023,"MI","MICHIGAN"
"2667","USC00203096",45.0333,-84.7114,"TMAX",1893,2022,"MI","MICHIGAN"
"2844","USC00216565",44.0139,-96.3258,"TMAX",1877,2024,"MN","MINNESOTA"
"2834","USC00215638",45.59,-95.8744,"TMAX",1886,2024,"MN","MINNESOTA"
"2784","USC00211891",47.8186,-96.6139,"TMAX",1890,2024,"MN","MINNESOTA"
"2754","USC00210018",47.2992,-96.5161,"TMAX",1893,2024,"MN","MINNESOTA"
"2757","USC00210075",43.6064,-93.3019,"TMAX",1893,2024,"MN","MINNESOTA"
"2772","USC00211198",43.6308,-91.5028,"TMAX",1893,2024,"MN","MINNESOTA"
"2773","USC00211227",45.5564,-93.2347,"TMAX",1893,2024,"MN","MINNESOTA"
"2780","USC00211691",45.5794,-94.3919,"TMAX",1893,2024,"MN","MINNESOTA"
"2795","USC00212737",44.6661,-93.1756,"TMAX",1893,2023,"MN","MINNESOTA"
"2802","USC00213290",43.7047,-92.5644,"TMAX",1893,2024,"MN","MINNESOTA"
"2805","USC00213311",44.8133,-95.5517,"TMAX",1893,2024,"MN","MINNESOTA"
"2809","USC00213567",44.7597,-92.8689,"TMAX",1893,2024,"MN","MINNESOTA"
"2823","USC00214861",45.9647,-94.8892,"TMAX",1893,2024,"MN","MINNESOTA"
"2831","USC00215400",45.1219,-95.9269,"TMAX",1893,2024,"MN","MINNESOTA"
"2848","USC00216795",47.8761,-95.0167,"TMAX",1893,2023,"MN","MINNESOTA"
"2936","USC00230204",38.1894,-94.0244,"TMAX",1893,2024,"MO","MISSOURI"
"2939","USC00230608",40.2575,-94.0269,"TMAX",1893,2024,"MO","MISSOURI"
"2951","USC00231340",39.3594,-93.4886,"TMAX",1893,2024,"MO","MISSOURI"
"2960","USC00231822",40.2394,-94.6833,"TMAX",1893,2024,"MO","MISSOURI"
"2980","USC00234019",37.3417,-91.9178,"TMAX",1893,2024,"MO","MISSOURI"
"2982","USC00234226",37.3781,-89.6678,"TMAX",1893,2024,"MO","MISSOURI"
"2983","USC00234271",38.5847,-92.1831,"TMAX",1893,2024,"MO","MISSOURI"
"2985","USC00234544",40.2058,-92.5747,"TMAX",1893,2024,"MO","MISSOURI"
"2987","USC00234705",37.5983,-94.2842,"TMAX",1893,2024,"MO","MISSOURI"
"2988","USC00234825",37.685,-92.6939,"TMAX",1893,2024,"MO","MISSOURI"
"2995","USC00235253",37.3056,-89.975,"TMAX",1893,2023,"MO","MISSOURI"
"3004","USC00235976",36.865,-94.3603,"TMAX",1893,2024,"MO","MISSOURI"
"3013","USC00236791",36.7578,-90.4056,"TMAX",1893,2024,"MO","MISSOURI"
"3014","USC00236826",37.8956,-90.8414,"TMAX",1893,2024,"MO","MISSOURI"
"3015","USC00236866",40.3986,-93.5839,"TMAX",1893,2024,"MO","MISSOURI"
"1053","CQC00914801",14.1717,145.2428,"TMAX",1993,2024,"MP","NORTHERN MARIANA ISLANDS"
"1052","CQC00914080",15.2156,145.7525,"TMAX",1995,2024,"MP","NORTHERN MARIANA ISLANDS"
"1054","CQC00914855",15.1167,145.7167,"TMAX",2006,2024,"MP","NORTHERN MARIANA ISLANDS"
"2909","USC00224939",31.6756,-89.1236,"TMAX",1891,2024,"MS","MISSISSIPPI"
"2921","USC00228374",33.4692,-88.7822,"TMAX",1891,2024,"MS","MISSISSIPPI"
"2890","USC00220021",33.83,-88.5214,"TMAX",1892,2024,"MS","MISSISSIPPI"
"2897","USC00221389",32.6714,-90.0361,"TMAX",1892,2024,"MS","MISSISSIPPI"
"2898","USC00221707",34.1864,-90.5572,"TMAX",1892,2024,"MS","MISSISSIPPI"
"2903","USC00222094",31.9461,-90.3775,"TMAX",1892,2024,"MS","MISSISSIPPI"
"2911","USC00226177",31.5889,-91.3408,"TMAX",1892,2024,"MS","MISSISSIPPI"
"2929","USC00229439",31.6772,-88.6708,"TMAX",1892,2024,"MS","MISSISSIPPI"
"2894","USC00220792",30.3931,-89.0008,"TMAX",1893,2024,"MS","MISSISSIPPI"
"2895","USC00221094",31.5447,-90.4581,"TMAX",1893,2023,"MS","MISSISSIPPI"
"2904","USC00223887",31.2547,-89.3392,"TMAX",1893,2024,"MS","MISSISSIPPI"
"2906","USC00223975",34.8039,-90.0103,"TMAX",1893,2024,"MS","MISSISSIPPI"
"2918","USC00227132",31.985,-90.9719,"TMAX",1893,2024,"MS","MISSISSIPPI"
"2924","USC00229079",34.3725,-89.5308,"TMAX",1893,2024,"MS","MISSISSIPPI"
"2902","USC00221962",34.8792,-88.6178,"TMAX",1895,2023,"MS","MISSISSIPPI"
"3062","USC00241008",46.2311,-112.1139,"TMAX",1880,2023,"MT","MONTANA"
"3063","USC00241044",45.6622,-111.0464,"TMAX",1892,2024,"MT","MONTANA"
"3080","USC00241737",47.8206,-112.1922,"TMAX",1893,2024,"MT","MONTANA"
"3108","USC00243557",48.1925,-106.6383,"TMAX",1893,2024,"MT","MONTANA"
"3109","USC00243581",47.1058,-104.7175,"TMAX",1893,2024,"MT","MONTANA"
"3152","USC00245740",46.9244,-114.0911,"TMAX",1893,2024,"MT","MONTANA"
"3208","USC00248597",45.2925,-111.9444,"TMAX",1893,2024,"MT","MONTANA"
"3059","USC00240780",45.8325,-109.9511,"TMAX",1894,2024,"MT","MONTANA"
"3061","USC00240802",45.7717,-108.4811,"TMAX",1894,2024,"MT","MONTANA"
"3102","USC00243113",47.8303,-110.6611,"TMAX",1894,2024,"MT","MONTANA"
"3169","USC00246918",45.1769,-109.2572,"TMAX",1894,2024,"MT","MONTANA"
"7140","USW00024135",45.9644,-112.5014,"TMAX",1894,2024,"MT","MONTANA"
"3077","USC00241722",48.5883,-109.2267,"TMAX",1895,2024,"MT","MONTANA"
"3092","USC00242409",45.2089,-112.6389,"TMAX",1895,2024,"MT","MONTANA"
"3113","USC00243885",46.2461,-114.1681,"TMAX",1895,2024,"MT","MONTANA"
"957","CA008100300",46.7167,-67.7167,"TMAX",1929,2024,"NB","NEW BRUNSWICK"
"968","CA008103050",48.0167,-64.5,"TMAX",1957,2024,"NB","NEW BRUNSWICK"
"966","CA008102536",45.95,-66.9,"TMAX",1973,2024,"NB","NEW BRUNSWICK"
"971","CA008104201",45.0667,-66.45,"TMAX",1992,2024,"NB","NEW BRUNSWICK"
"958","CA008100467",47.8,-64.8333,"TMAX",1993,2024,"NB","NEW BRUNSWICK"
"963","CA008101746",45.6,-64.95,"TMAX",1993,2024,"NB","NEW BRUNSWICK"
"962","CA008101605",45.9167,-66.6167,"TMAX",2000,2024,"NB","NEW BRUNSWICK"
"964","CA008101794",45.8333,-66.45,"TMAX",2000,2022,"NB","NEW BRUNSWICK"
"965","CA008101925",44.7167,-66.8,"TMAX",2000,2024,"NB","NEW BRUNSWICK"
"959","CA008100885",47.9833,-66.3333,"TMAX",2003,2024,"NB","NEW BRUNSWICK"
"961","CA008101303",47.4167,-68.3167,"TMAX",2004,2024,"NB","NEW BRUNSWICK"
"960","CA008100989",47.0167,-65.4667,"TMAX",2005,2024,"NB","NEW BRUNSWICK"
"967","CA008102848",45.7,-65.1667,"TMAX",2006,2024,"NB","NEW BRUNSWICK"
"974","CA008104935",45.2167,-67.25,"TMAX",2006,2024,"NB","NEW BRUNSWICK"
"972","CA008104295",47.4333,-65.6,"TMAX",2010,2024,"NB","NEW BRUNSWICK"
"3777","USC00316001",35.0714,-83.9683,"TMAX",1873,2024,"NC","NORTH CAROLINA"
"6806","USW00013872",35.5953,-82.5567,"TMAX",1876,2023,"NC","NORTH CAROLINA"
"3732","USC00313228",35.1803,-83.3931,"TMAX",1882,2024,"NC","NORTH CAROLINA"
"3811","USC00318500",35.8842,-77.5386,"TMAX",1887,2024,"NC","NORTH CAROLINA"
"3734","USC00313356",35.2672,-81.1436,"TMAX",1890,2024,"NC","NORTH CAROLINA"
"3709","USC00311677",35.9086,-79.0797,"TMAX",1891,2024,"NC","NORTH CAROLINA"
"3715","USC00311975",35.4136,-80.5639,"TMAX",1891,2024,"NC","NORTH CAROLINA"
"3791","USC00317079",35.7908,-78.6989,"TMAX",1892,2023,"NC","NORTH CAROLINA"
"3804","USC00317994",35.5175,-78.3444,"TMAX",1892,2024,"NC","NORTH CAROLINA"
"3743","USC00313969",36.3489,-78.4119,"TMAX",1893,2024,"NC","NORTH CAROLINA"
"3746","USC00314055",35.0564,-83.1983,"TMAX",1893,2024,"NC","NORTH CAROLINA"
"3757","USC00314938",35.9147,-81.5375,"TMAX",1893,2024,"NC","NORTH CAROLINA"
"3763","USC00315123",36.1025,-78.3042,"TMAX",1893,2024,"NC","NORTH CAROLINA"
"3766","USC00315340",35.6847,-82.0083,"TMAX",1893,2024,"NC","NORTH CAROLINA"
"3768","USC00315743",35.8422,-80.4978,"TMAX",1893,2024,"NC","NORTH CAROLINA"
"3855","USC00324418",46.8844,-98.685,"TMAX",1881,2024,"ND","NORTH DAKOTA"
"6959","USW00014914",46.9242,-96.812,"TMAX",1891,2024,"ND","NORTH DAKOTA"
"3827","USC00320382",46.0406,-99.3742,"TMAX",1893,2024,"ND","NORTH DAKOTA"
"3830","USC00320941",48.8217,-100.4528,"TMAX",1893,2024,"ND","NORTH DAKOTA"
"3848","USC00323621",47.9217,-97.0975,"TMAX",1893,2024,"ND","NORTH DAKOTA"
"3866","USC00325660",47.4989,-97.3514,"TMAX",1893,2024,"ND","NORTH DAKOTA"
"3874","USC00326025",48.7603,-101.5089,"TMAX",1893,2023,"ND","NORTH DAKOTA"
"3875","USC00326255",46.5067,-99.7692,"TMAX",1893,2024,"ND","NORTH DAKOTA"
"3877","USC00326365",46.8925,-101.4897,"TMAX",1893,2024,"ND","NORTH DAKOTA"
"3893","USC00329445",48.6061,-100.2911,"TMAX",1893,2024,"ND","NORTH DAKOTA"
"3876","USC00326315",46.5406,-102.8692,"TMAX",1894,2023,"ND","NORTH DAKOTA"
"3886","USC00328792",48.3706,-100.3908,"TMAX",1896,2023,"ND","NORTH DAKOTA"
"3845","USC00323217",48.4583,-101.5697,"TMAX",1897,2024,"ND","NORTH DAKOTA"
"3860","USC00324958",48.7622,-98.3447,"TMAX",1897,2024,"ND","NORTH DAKOTA"
"3846","USC00323287",46.1583,-98.3989,"TMAX",1898,2023,"ND","NORTH DAKOTA"
"3240","USC00251560",41.1222,-98.0283,"TMAX",1878,2023,"NE","NEBRASKA"
"3248","USC00252065",40.2317,-100.8303,"TMAX",1889,2024,"NE","NEBRASKA"
"3333","USC00259200",41.845,-96.7142,"TMAX",1892,2024,"NE","NEBRASKA"
"3220","USC00250070",41.6853,-98.0083,"TMAX",1893,2024,"NE","NEBRASKA"
"3227","USC00250640",40.1306,-99.8278,"TMAX",1893,2023,"NE","NEBRASKA"
"3244","USC00251825",41.4639,-97.3278,"TMAX",1893,2024,"NE","NEBRASKA"
"3246","USC00252020",40.6092,-96.8719,"TMAX",1893,2024,"NE","NEBRASKA"
"3249","USC00252100",40.6344,-100.5219,"TMAX",1893,2023,"NE","NEBRASKA"
"3261","USC00253050",41.43,-96.4669,"TMAX",1893,2024,"NE","NEBRASKA"
"3263","USC00253175",40.5394,-97.5906,"TMAX",1893,2023,"NE","NEBRASKA"
"3264","USC00253185",41.4514,-97.7644,"TMAX",1893,2023,"NE","NEBRASKA"
"3273","USC00253630",42.6167,-97.2608,"TMAX",1893,2023,"NE","NEBRASKA"
"3277","USC00253735",40.175,-97.5903,"TMAX",1893,2024,"NE","NEBRASKA"
"3294","USC00255565",40.5156,-98.9514,"TMAX",1893,2024,"NE","NEBRASKA"
"3301","USC00256135",42.0644,-97.9667,"TMAX",1893,2024,"NE","NEBRASKA"
"3434","USC00275712",42.7914,-71.4736,"TMAX",1885,2023,"NH","NEW HAMPSHIRE"
"3406","USC00270690",44.4536,-71.1856,"TMAX",1886,2024,"NH","NEW HAMPSHIRE"
"3409","USC00272174",43.1419,-70.95,"TMAX",1893,2024,"NH","NEW HAMPSHIRE"
"3421","USC00273850",43.7053,-72.2856,"TMAX",1893,2024,"NH","NEW HAMPSHIRE"
"3428","USC00274399",42.9389,-72.3247,"TMAX",1893,2024,"NH","NEW HAMPSHIRE"
"3414","USC00272999",45.09,-71.2906,"TMAX",1918,2024,"NH","NEW HAMPSHIRE"
"3439","USC00276818",44.2581,-71.2525,"TMAX",1930,2024,"NH","NEW HAMPSHIRE"
"3429","USC00274480",43.5492,-71.4644,"TMAX",1938,2024,"NH","NEW HAMPSHIRE"
"6893","USW00014745",43.205,-71.5025,"TMAX",1939,2024,"NH","NEW HAMPSHIRE"
"3432","USC00275211",42.9892,-71.3933,"TMAX",1942,2024,"NH","NEW HAMPSHIRE"
"3415","USC00273182",43.4703,-71.6536,"TMAX",1948,2024,"NH","NEW HAMPSHIRE"
"3442","USC00278539",42.9967,-72.3128,"TMAX",1948,2024,"NH","NEW HAMPSHIRE"
"6879","USW00014710",42.9297,-71.4356,"TMAX",1948,2024,"NH","NEW HAMPSHIRE"
"6900","USW00014755",44.2703,-71.3033,"TMAX",1948,2024,"NH","NEW HAMPSHIRE"
"3408","USC00271647",44.8611,-71.5392,"TMAX",1960,2024,"NH","NEW HAMPSHIRE"
"6765","USW00013724",39.3778,-74.4236,"TMAX",1873,2024,"NJ","NEW JERSEY"
"3451","USC00280907",40.8917,-74.3964,"TMAX",1893,2024,"NJ","NEW JERSEY"
"3454","USC00281582",41.03,-74.4247,"TMAX",1893,2024,"NJ","NEW JERSEY"
"3457","USC00283181",40.3136,-74.2511,"TMAX",1893,2024,"NJ","NEW JERSEY"
"3460","USC00283951",40.2664,-74.5642,"TMAX",1893,2024,"NJ","NEW JERSEY"
"3465","USC00285728",39.9683,-74.865,"TMAX",1893,2024,"NJ","NEW JERSEY"
"3472","USC00288644",41.2186,-74.6211,"TMAX",1893,2023,"NJ","NEW JERSEY"
"6885","USW00014734",40.6828,-74.1692,"TMAX",1893,2024,"NJ","NEW JERSEY"
"3453","USC00281351",38.9533,-74.9361,"TMAX",1894,2024,"NJ","NEW JERSEY"
"3456","USC00283029",40.5742,-74.8817,"TMAX",1898,2024,"NJ","NEW JERSEY"
"3461","USC00284229",39.7994,-74.7806,"TMAX",1901,2023,"NJ","NEW JERSEY"
"3462","USC00284987",40.2969,-74.0017,"TMAX",1907,2024,"NJ","NEW JERSEY"
"3452","USC00281335",40.7436,-74.3539,"TMAX",1931,2023,"NJ","NEW JERSEY"
"6915","USW00014792",40.2769,-74.8158,"TMAX",1945,2024,"NJ","NEW JERSEY"
"6770","USW00013735",39.3661,-75.0778,"TMAX",1947,2024,"NJ","NEW JERSEY"
"1020","CA008401000",46.6667,-53.0833,"TMAX",1920,2024,"NL","NEWFOUNDLAND AND LABRADOR"
"1023","CA008401300",48.95,-57.95,"TMAX",1933,2024,"NL","NEWFOUNDLAND AND LABRADOR"
"1024","CA008401500",49.1667,-57.4333,"TMAX",1933,2024,"NL","NEWFOUNDLAND AND LABRADOR"
"1046","CA008501100",53.7167,-57.0333,"TMAX",1934,2024,"NL","NEWFOUNDLAND AND LABRADOR"
"1048","CA008501900",53.3167,-60.4167,"TMAX",1941,2024,"NL","NEWFOUNDLAND AND LABRADOR"
"1038","CA008403800",48.5333,-58.55,"TMAX",1942,2024,"NL","NEWFOUNDLAND AND LABRADOR"
"1049","CA008502400",55.45,-60.2167,"TMAX",1942,2023,"NL","NEWFOUNDLAND AND LABRADOR"
"1028","CA008401703",48.9333,-54.5667,"TMAX",1957,2024,"NL","NEWFOUNDLAND AND LABRADOR"
"1031","CA008402544",48.35,-53.9,"TMAX",1962,2024,"NL","NEWFOUNDLAND AND LABRADOR"
"1019","CA008400812",48.1667,-57.3333,"TMAX",1972,2024,"NL","NEWFOUNDLAND AND LABRADOR"
"1016","CA008400301",48.9667,-56.0667,"TMAX",1973,2024,"NL","NEWFOUNDLAND AND LABRADOR"
"1037","CA008403619",46.9167,-55.3833,"TMAX",1977,2024,"NL","NEWFOUNDLAND AND LABRADOR"
"1030","CA008402520",49.9167,-55.6667,"TMAX",1984,2024,"NL","NEWFOUNDLAND AND LABRADOR"
"1015","CA008400104",47.3,-54,"TMAX",1992,2024,"NL","NEWFOUNDLAND AND LABRADOR"
"1022","CA008401298",48.9333,-57.9167,"TMAX",1993,2024,"NL","NEWFOUNDLAND AND LABRADOR"
"3497","USC00291664",36.9178,-106.5781,"TMAX",1893,2024,"NM","NEW MEXICO"
"3523","USC00294009",32.9203,-107.5656,"TMAX",1893,2024,"NM","NEW MEXICO"
"3567","USC00298387",34.0606,-106.8842,"TMAX",1893,2023,"NM","NEW MEXICO"
"3489","USC00291138",33.8044,-106.8908,"TMAX",1894,2023,"NM","NEW MEXICO"
"3540","USC00295960",32.9542,-105.8222,"TMAX",1894,2024,"NM","NEW MEXICO"
"3485","USC00290692",36.835,-108.0006,"TMAX",1895,2023,"NM","NEW MEXICO"
"3513","USC00292865",32.9161,-105.3381,"TMAX",1895,2024,"NM","NEW MEXICO"
"7022","USW00023051",36.4483,-103.1536,"TMAX",1896,2024,"NM","NEW MEXICO"
"3541","USC00295965",34.5208,-106.2606,"TMAX",1902,2024,"NM","NEW MEXICO"
"3498","USC00291813",36.4661,-104.9456,"TMAX",1904,2023,"NM","NEW MEXICO"
"3572","USC00299156",35.2006,-103.6867,"TMAX",1904,2024,"NM","NEW MEXICO"
"3483","USC00290600",32.7547,-104.3836,"TMAX",1905,2024,"NM","NEW MEXICO"
"3551","USC00297008",34.1742,-103.3519,"TMAX",1905,2024,"NM","NEW MEXICO"
"3511","USC00292837",36.5928,-106.73,"TMAX",1906,2024,"NM","NEW MEXICO"
"3538","USC00295754",32.9325,-108.0142,"TMAX",1906,2023,"NM","NEW MEXICO"
"982","CA008202000",44.9833,-64.9167,"TMAX",1942,2024,"NS","NOVA SCOTIA"
"1004","CA008206495",43.8333,-66.0833,"TMAX",1955,2024,"NS","NOVA SCOTIA"
"1002","CA008206240",43.9833,-64.6667,"TMAX",1959,2024,"NS","NOVA SCOTIA"
"995","CA008204453",44.7667,-63.8333,"TMAX",1979,2024,"NS","NOVA SCOTIA"
"1001","CA008206222",45.05,-64.65,"TMAX",1980,2023,"NS","NOVA SCOTIA"
"976","CA008200558",44.8167,-62.3333,"TMAX",1992,2024,"NS","NOVA SCOTIA"
"978","CA008200774",45.7667,-62.6833,"TMAX",1993,2024,"NS","NOVA SCOTIA"
"984","CA008202318",45.35,-60.9833,"TMAX",1993,2024,"NS","NOVA SCOTIA"
"986","CA008202592",44.4,-65.2,"TMAX",1993,2024,"NS","NOVA SCOTIA"
"997","CA008204909",47.2333,-60.15,"TMAX",1993,2024,"NS","NOVA SCOTIA"
"987","CA008202810",45.0667,-64.4833,"TMAX",1996,2024,"NS","NOVA SCOTIA"
"992","CA008204161",46.8167,-60.6667,"TMAX",1998,2024,"NS","NOVA SCOTIA"
"985","CA008202502",46.6667,-60.4,"TMAX",2000,2024,"NS","NOVA SCOTIA"
"989","CA008203405",44.9833,-62.4833,"TMAX",2000,2024,"NS","NOVA SCOTIA"
"979","CA008201390",45.4167,-63.4667,"TMAX",2003,2024,"NS","NOVA SCOTIA"
"231","CA002202200",60.0167,-111.9667,"TMAX",1943,2024,"NT","NORTHWEST TERRITORIES"
"234","CA002202400",60.8333,-115.7833,"TMAX",1943,2024,"NT","NORTHWEST TERRITORIES"
"221","CA002200675",70.1667,-124.7167,"TMAX",1957,2023,"NT","NORTHWEST TERRITORIES"
"230","CA002202115",61.7667,-121.2333,"TMAX",1957,2024,"NT","NORTHWEST TERRITORIES"
"240","CA002202801",65.2833,-126.8,"TMAX",1957,2024,"NT","NORTHWEST TERRITORIES"
"249","CA002204300",61.25,-123.75,"TMAX",1957,2024,"NT","NORTHWEST TERRITORIES"
"239","CA002202678",63.1333,-117.25,"TMAX",1974,2024,"NT","NORTHWEST TERRITORIES"
"250","CA00220B68C",69.6,-130.9167,"TMAX",1992,2023,"NT","NORTHWEST TERRITORIES"
"243","CA002203095",69.6333,-135.45,"TMAX",1993,2024,"NT","NORTHWEST TERRITORIES"
"251","CA00220B6Q3",67.1833,-130.2333,"TMAX",1993,2024,"NT","NORTHWEST TERRITORIES"
"253","CA00220LQJJ",68.9167,-133.95,"TMAX",1993,2024,"NT","NORTHWEST TERRITORIES"
"227","CA002201799",61.3167,-117.6,"TMAX",1994,2024,"NT","NORTHWEST TERRITORIES"
"228","CA002201903",62.7167,-109.1667,"TMAX",1994,2023,"NT","NORTHWEST TERRITORIES"
"236","CA002202560",61.9167,-113.7333,"TMAX",1994,2024,"NT","NORTHWEST TERRITORIES"
"242","CA002203058",69.35,-124.0833,"TMAX",1994,2024,"NT","NORTHWEST TERRITORIES"
"281","CA002400600",69.1,-105.1333,"TMAX",1929,2024,"NU","NUNAVUT"
"263","CA002301000",64.2,-83.3667,"TMAX",1933,2024,"NU","NUNAVUT"
"258","CA002300500",64.3,-96.0833,"TMAX",1946,2024,"NU","NUNAVUT"
"293","CA002401200",79.9833,-85.9333,"TMAX",1947,2024,"NU","NUNAVUT"
"306","CA002403500",74.7167,-94.9667,"TMAX",1947,2024,"NU","NUNAVUT"
"260","CA002300551",66.8333,-108.0167,"TMAX",1957,2024,"NU","NUNAVUT"
"261","CA002300902",67.8167,-115.15,"TMAX",1957,2024,"NU","NUNAVUT"
"264","CA002301102",61.1333,-100.8833,"TMAX",1957,2024,"NU","NUNAVUT"
"272","CA002303685",68.8167,-93.4333,"TMAX",1957,2023,"NU","NUNAVUT"
"278","CA002400570",67.5333,-63.7833,"TMAX",1957,2023,"NU","NUNAVUT"
"288","CA002400660",68.4667,-66.8167,"TMAX",1957,2022,"NU","NUNAVUT"
"300","CA002402604",78.8,-103.55,"TMAX",1957,2023,"NU","NUNAVUT"
"301","CA002402684",68.9,-75.1333,"TMAX",1957,2023,"NU","NUNAVUT"
"309","CA002403625",69.0833,-79.0333,"TMAX",1957,2023,"NU","NUNAVUT"
"286","CA002400650",66.65,-61.3833,"TMAX",1958,2023,"NU","NUNAVUT"
"7135","USW00024128",40.9017,-117.8081,"TMAX",1877,2024,"NV","NEVADA"
"3337","USC00260507",39.4931,-117.0675,"TMAX",1887,2024,"NV","NEVADA"
"3397","USC00268761",39.3128,-119.6483,"TMAX",1887,2024,"NV","NEVADA"
"3345","USC00262708",39.5169,-115.9622,"TMAX",1888,2024,"NV","NEVADA"
"7132","USW00024121",40.8239,-115.7864,"TMAX",1890,2024,"NV","NEVADA"
"3392","USC00267908",38.4231,-115.0225,"TMAX",1891,2023,"NV","NEVADA"
"3365","USC00264935",41.9933,-117.7167,"TMAX",1892,2024,"NV","NEVADA"
"3366","USC00264950",39.4142,-114.7739,"TMAX",1892,2024,"NV","NEVADA"
"3340","USC00261485",39.1253,-119.7678,"TMAX",1893,2024,"NV","NEVADA"
"7045","USW00023154",39.2953,-114.8467,"TMAX",1893,2024,"NV","NEVADA"
"3404","USC00269229",38.9992,-119.1575,"TMAX",1894,2024,"NV","NEVADA"
"3400","USC00268988",41.1169,-114.9786,"TMAX",1895,2024,"NV","NEVADA"
"3367","USC00265168",38.3878,-118.1092,"TMAX",1896,2024,"NV","NEVADA"
"3364","USC00264698",40.17,-118.4775,"TMAX",1902,2023,"NV","NEVADA"
"3394","USC00268160",38.0694,-117.2355,"TMAX",1902,2024,"NV","NEVADA"
"7671","USW00094728",40.7789,-73.9692,"TMAX",1869,2024,"NY","NEW YORK"
"3682","USC00309292",41.3906,-73.9608,"TMAX",1890,2024,"NY","NEW YORK"
"3636","USC00304912",43.7928,-75.4828,"TMAX",1892,2024,"NY","NEW YORK"
"3581","USC00300085",42.2797,-77.7664,"TMAX",1893,2024,"NY","NEW YORK"
"3583","USC00300183",42.3108,-78.0231,"TMAX",1893,2024,"NY","NEW YORK"
"3593","USC00300937",43.2161,-77.9528,"TMAX",1893,2024,"NY","NEW YORK"
"3605","USC00301752",42.7167,-74.9267,"TMAX",1893,2024,"NY","NEW YORK"
"3628","USC00304174",42.4492,-76.4492,"TMAX",1893,2024,"NY","NEW YORK"
"3635","USC00304844",43.1522,-78.6533,"TMAX",1893,2024,"NY","NEW YORK"
"3645","USC00305597",42.7314,-77.9053,"TMAX",1893,2024,"NY","NEW YORK"
"3650","USC00306164",44.7281,-75.4442,"TMAX",1893,2023,"NY","NEW YORK"
"3657","USC00306774",41.3892,-74.6906,"TMAX",1893,2024,"NY","NEW YORK"
"3674","USC00308839",43.0031,-77.4483,"TMAX",1893,2024,"NY","NEW YORK"
"3678","USC00309000",43.9761,-75.8753,"TMAX",1893,2023,"NY","NEW YORK"
"3679","USC00309047",42.0019,-76.525,"TMAX",1893,2024,"NY","NEW YORK"
"3896","USC00330862",41.3831,-83.6111,"TMAX",1893,2024,"OH","OHIO"
"3898","USC00331072",40.8125,-82.9697,"TMAX",1893,2024,"OH","OHIO"
"3907","USC00332098",41.2783,-84.3847,"TMAX",1893,2024,"OH","OHIO"
"3911","USC00332791",41.0461,-83.6622,"TMAX",1893,2023,"OH","OHIO"
"3916","USC00333375",40.1033,-84.6503,"TMAX",1893,2024,"OH","OHIO"
"3919","USC00333758",39.2333,-83.6092,"TMAX",1893,2024,"OH","OHIO"
"3920","USC00333780",41.3072,-81.1475,"TMAX",1893,2023,"OH","OHIO"
"3933","USC00335438",41.5861,-84.6233,"TMAX",1893,2024,"OH","OHIO"
"3946","USC00336781",38.7569,-82.8872,"TMAX",1893,2024,"OH","OHIO"
"3954","USC00338609",40.8494,-84.5808,"TMAX",1893,2024,"OH","OHIO"
"3955","USC00338769",41.2019,-80.8106,"TMAX",1893,2024,"OH","OHIO"
"3957","USC00338822",41.5183,-84.1453,"TMAX",1893,2024,"OH","OHIO"
"3958","USC00338830",39.1114,-82.9797,"TMAX",1893,2024,"OH","OHIO"
"3894","USC00330563",40.3536,-83.7753,"TMAX",1894,2024,"OH","OHIO"
"3903","USC00331592",39.6103,-82.9556,"TMAX",1894,2024,"OH","OHIO"
"7574","USW00093950",34.8825,-95.7817,"TMAX",1893,2024,"OK","OKLAHOMA"
"3996","USC00342912",36.4194,-97.8747,"TMAX",1894,2023,"OK","OKLAHOMA"
"4007","USC00344001",34.2333,-97.4203,"TMAX",1894,2024,"OK","OKLAHOMA"
"4029","USC00346386",35.1808,-97.4378,"TMAX",1894,2024,"OK","OKLAHOMA"
"4050","USC00349364",35.8578,-98.4139,"TMAX",1902,2023,"OK","OKLAHOMA"
"3995","USC00342849",35.3925,-99.5064,"TMAX",1904,2023,"OK","OKLAHOMA"
"6853","USW00013975",36.2967,-99.7686,"TMAX",1904,2024,"OK","OKLAHOMA"
"4024","USC00346130",35.7781,-95.3339,"TMAX",1905,2024,"OK","OKLAHOMA"
"4008","USC00344019",36.5381,-98.2661,"TMAX",1906,2024,"OK","OKLAHOMA"
"4013","USC00344298",36.8594,-101.2214,"TMAX",1906,2023,"OK","OKLAHOMA"
"4014","USC00344451",33.9336,-94.8278,"TMAX",1907,2024,"OK","OKLAHOMA"
"4003","USC00343628",36.5914,-101.6181,"TMAX",1910,2023,"OK","OKLAHOMA"
"7582","USW00093986",34.9892,-99.0528,"TMAX",1910,2024,"OK","OKLAHOMA"
"4025","USC00346139",36.2283,-99.17,"TMAX",1915,2022,"OK","OKLAHOMA"
"3966","USC00340256",34.2208,-95.615,"TMAX",1918,2024,"OK","OKLAHOMA"
"746","CA006139520",42.3333,-82.9333,"TMAX",1866,2024,"ON","ONTARIO"
"762","CA006150689",44.15,-77.4,"TMAX",1866,2024,"ON","ONTARIO"
"761","CA006149625",43.1333,-80.7667,"TMAX",1871,2024,"ON","ONTARIO"
"727","CA006124127",44.1667,-81.6167,"TMAX",1872,2022,"ON","ONTARIO"
"705","CA006105976",45.3833,-75.7167,"TMAX",1889,2024,"ON","ONTARIO"
"651","CA006016525",51.45,-90.2167,"TMAX",1930,2024,"ON","ONTARIO"
"685","CA006075425",51.2667,-80.65,"TMAX",1932,2023,"ON","ONTARIO"
"776","CA006158875",44.1167,-77.5333,"TMAX",1935,2024,"ON","ONTARIO"
"681","CA006073975",49.4167,-82.4667,"TMAX",1937,2024,"ON","ONTARIO"
"661","CA006037775",50.1167,-91.9,"TMAX",1938,2024,"ON","ONTARIO"
"663","CA006040325",50.3,-88.9,"TMAX",1938,2024,"ON","ONTARIO"
"691","CA006085700",46.3667,-79.4167,"TMAX",1939,2024,"ON","ONTARIO"
"751","CA006142400",43.7333,-80.3333,"TMAX",1939,2024,"ON","ONTARIO"
"697","CA006101874",45.0167,-74.75,"TMAX",1950,2024,"ON","ONTARIO"
"741","CA006137161",43.05,-79.3333,"TMAX",1950,2022,"ON","ONTARIO"
"4062","USC00350304",42.2131,-122.7147,"TMAX",1892,2024,"OR","OREGON"
"4061","USC00350265",45.7211,-120.2064,"TMAX",1893,2024,"OR","OREGON"
"4076","USC00351862",44.6342,-123.19,"TMAX",1893,2023,"OR","OREGON"
"4093","USC00352997",45.5247,-123.1025,"TMAX",1893,2023,"OR","OREGON"
"4099","USC00353445",42.4239,-123.3219,"TMAX",1893,2024,"OR","OREGON"
"4105","USC00353827",45.3653,-119.5639,"TMAX",1893,2024,"OR","OREGON"
"4107","USC00354003",45.6847,-121.5175,"TMAX",1893,2023,"OR","OREGON"
"4161","USC00358407",45.6069,-121.2047,"TMAX",1893,2023,"OR","OREGON"
"7177","USW00024232",44.905,-123.0011,"TMAX",1893,2024,"OR","OREGON"
"4071","USC00351407",45.6778,-121.8739,"TMAX",1894,2024,"OR","OREGON"
"4089","USC00352800",44.8358,-123.4525,"TMAX",1897,2023,"OR","OREGON"
"4145","USC00356883",44.3006,-120.8406,"TMAX",1897,2024,"OR","OREGON"
"4127","USC00355734",45.4825,-120.7236,"TMAX",1898,2023,"OR","OREGON"
"4103","USC00353770",45.4486,-122.1547,"TMAX",1899,2024,"OR","OREGON"
"4148","USC00357169",42.9508,-123.3572,"TMAX",1899,2024,"OR","OREGON"
"4196","USC00361920",40.2258,-77.1894,"TMAX",1873,2024,"PA","PENNSYLVANIA"
"4241","USC00366927",40.1208,-75.4878,"TMAX",1893,2024,"PA","PENNSYLVANIA"
"4262","USC00368449",40.7933,-77.8672,"TMAX",1893,2024,"PA","PENNSYLVANIA"
"4185","USC00361354",39.9353,-77.6394,"TMAX",1894,2023,"PA","PENNSYLVANIA"
"4216","USC00364432",41.6769,-78.8036,"TMAX",1894,2024,"PA","PENNSYLVANIA"
"4254","USC00367931",40.7831,-76.8617,"TMAX",1894,2024,"PA","PENNSYLVANIA"
"4269","USC00368905",41.7511,-76.4431,"TMAX",1894,2023,"PA","PENNSYLVANIA"
"4249","USC00367409",41.33,-77.7381,"TMAX",1896,2024,"PA","PENNSYLVANIA"
"4271","USC00369298",41.8467,-79.1494,"TMAX",1896,2024,"PA","PENNSYLVANIA"
"4202","USC00362721",40.0086,-78.3586,"TMAX",1897,2022,"PA","PENNSYLVANIA"
"4205","USC00363028",41.4003,-79.8306,"TMAX",1897,2024,"PA","PENNSYLVANIA"
"4256","USC00368073",40.0592,-77.5214,"TMAX",1911,2024,"PA","PENNSYLVANIA"
"4264","USC00368596",41.0147,-75.2072,"TMAX",1911,2024,"PA","PENNSYLVANIA"
"4250","USC00367477",41.4197,-78.7492,"TMAX",1913,2024,"PA","PENNSYLVANIA"
"4235","USC00366194",40.1483,-74.953,"TMAX",1915,2024,"PA","PENNSYLVANIA"
"1005","CA008300300",46.2833,-63.1333,"TMAX",1943,2024,"PE","PRINCE EDWARD ISLAND"
"1011","CA008300590",46.4167,-63.0833,"TMAX",1961,2024,"PE","PRINCE EDWARD ISLAND"
"1008","CA008300497",46.4167,-63.35,"TMAX",1971,2023,"PE","PRINCE EDWARD ISLAND"
"1007","CA008300418",46.4667,-61.9833,"TMAX",1992,2024,"PE","PRINCE EDWARD ISLAND"
"1012","CA008300596",46.4333,-63.8333,"TMAX",1999,2024,"PE","PRINCE EDWARD ISLAND"
"1014","CA00830P001",46.35,-63.1667,"TMAX",2000,2024,"PE","PRINCE EDWARD ISLAND"
"1009","CA008300516",47.05,-64,"TMAX",2002,2024,"PE","PRINCE EDWARD ISLAND"
"1010","CA008300562",46.45,-62.5833,"TMAX",2003,2024,"PE","PRINCE EDWARD ISLAND"
"1013","CA008305500",46.3,-63.5833,"TMAX",2004,2024,"PE","PRINCE EDWARD ISLAND"
"1006","CA008300301",46.2833,-63.1167,"TMAX",2012,2024,"PE","PRINCE EDWARD ISLAND"
"NA1",NA,NA,NA,NA,NA,NA,NA,NA
"1096","RQC00667292",18.0258,-66.5253,"TMAX",1898,2024,"PR","PUERTO RICO"
"1083","RQC00662801",18.3808,-67.1569,"TMAX",1899,2024,"PR","PUERTO RICO"
"1089","RQC00665097",18.0331,-67.0722,"TMAX",1900,2023,"PR","PUERTO RICO"
"1091","RQC00665807",18.4308,-66.4661,"TMAX",1900,2023,"PR","PUERTO RICO"
"1087","RQC00664702",18.4653,-67.0525,"TMAX",1901,2023,"PR","PUERTO RICO"
"1080","RQC00660158",18.1281,-66.2642,"TMAX",1906,2024,"PR","PUERTO RICO"
"1085","RQC00664193",17.9797,-66.1264,"TMAX",1914,2024,"PR","PUERTO RICO"
"1088","RQC00665064",18.2264,-65.9114,"TMAX",1931,2024,"PR","PUERTO RICO"
"1084","RQC00663431",18.3361,-66.6667,"TMAX",1937,2024,"PR","PUERTO RICO"
"1101","RQW00011630",18.2553,-65.6411,"TMAX",1942,2024,"PR","PUERTO RICO"
"1079","RQC00660152",17.9556,-66.2222,"TMAX",1955,2024,"PR","PUERTO RICO"
"1102","RQW00011641",18.4325,-66.0106,"TMAX",1956,2024,"PR","PUERTO RICO"
"1100","RQC00669521",18.3283,-66.0164,"TMAX",1957,2024,"PR","PUERTO RICO"
"1090","RQC00665693",17.9722,-67.0461,"TMAX",1959,2023,"PR","PUERTO RICO"
"1092","RQC00665908",18.1511,-66.9889,"TMAX",1969,2022,"PR","PUERTO RICO"
"1070","PSW00040309",7.3367,134.4769,"TMAX",1951,2024,"PW","PALAU"
"1067","PSC00914519",7.45,134.5,"TMAX",1983,2023,"PW","PALAU"
"1068","PSC00914712",7.0333,134.2667,"TMAX",1991,2023,"PW","PALAU"
"1069","PSC00914913",7.3014,28.1439,"TMAX",2004,2024,"PW","PALAU"
"833","CA007026465",45.6333,-72.1333,"TMAX",1878,2023,"QC","QUEBEC"
"813","CA007021954",45.8167,-71.9833,"TMAX",1880,2023,"QC","QUEBEC"
"824","CA007024280",45.3667,-71.8167,"TMAX",1888,2024,"QC","QUEBEC"
"937","CA007080468",46.7167,-79.1,"TMAX",1910,2024,"QC","QUEBEC"
"788","CA007014290",45.3,-74.05,"TMAX",1913,2023,"QC","QUEBEC"
"853","CA007028200",46.0333,-73.1167,"TMAX",1914,2023,"QC","QUEBEC"
"814","CA007022320",45.3,-72.9,"TMAX",1917,2023,"QC","QUEBEC"
"866","CA007031360",45.5167,-75.7833,"TMAX",1927,2023,"QC","QUEBEC"
"839","CA007027200",46.0667,-70.9667,"TMAX",1929,2023,"QC","QUEBEC"
"787","CA007014160",45.8167,-73.4333,"TMAX",1930,2024,"QC","QUEBEC"
"876","CA007037400",45.8,-74.05,"TMAX",1932,2023,"QC","QUEBEC"
"790","CA007015730",45.5,-74.0667,"TMAX",1937,2023,"QC","QUEBEC"
"920","CA007060400",48.3333,-71,"TMAX",1942,2024,"QC","QUEBEC"
"933","CA007075800",47.9167,-74.6167,"TMAX",1943,2024,"QC","QUEBEC"
"952","CA007113534",58.1,-68.4167,"TMAX",1947,2024,"QC","QUEBEC"
"4279","USC00374266",41.4903,-71.5431,"TMAX",1893,2024,"RI","RHODE ISLAND"
"6907","USW00014765",41.7225,-71.4325,"TMAX",1948,2024,"RI","RHODE ISLAND"
"4280","USC00375270",41.8564,-71.7333,"TMAX",1974,2023,"RI","RHODE ISLAND"
"6914","USW00014787",41.53,-71.2833,"TMAX",1996,2024,"RI","RHODE ISLAND"
"6916","USW00014794",41.3508,-71.8056,"TMAX",1999,2024,"RI","RHODE ISLAND"
"7402","USW00054796",41.4911,-71.5414,"TMAX",2001,2024,"RI","RHODE ISLAND"
"7403","USW00054797",41.4783,-71.5417,"TMAX",2001,2024,"RI","RHODE ISLAND"
"4278","USC00371875",41.6683,-71.5572,"TMAX",2016,2023,"RI","RHODE ISLAND"
"7453","USW00064710",41.9206,-71.4911,"TMAX",2021,2024,"RI","RHODE ISLAND"
"4277","USC00370897",41.1578,-71.5675,"TMAX",2023,2024,"RI","RHODE ISLAND"
"4309","USC00383742",34.8486,-82.35,"TMAX",1884,2024,"SC","SOUTH CAROLINA"
"4294","USC00381588",34.7028,-79.8822,"TMAX",1893,2024,"SC","SOUTH CAROLINA"
"4302","USC00382260",34.3011,-79.8767,"TMAX",1893,2024,"SC","SOUTH CAROLINA"
"4327","USC00385509",34.1653,-79.3875,"TMAX",1893,2024,"SC","SOUTH CAROLINA"
"4332","USC00386209",34.2917,-81.6208,"TMAX",1893,2024,"SC","SOUTH CAROLINA"
"6789","USW00013782",32.775,-79.9239,"TMAX",1893,2024,"SC","SOUTH CAROLINA"
"4286","USC00380506",33.9,-81.5389,"TMAX",1894,2024,"SC","SOUTH CAROLINA"
"4322","USC00385200",34.1994,-81.4144,"TMAX",1894,2024,"SC","SOUTH CAROLINA"
"4343","USC00387722",34.635,-81.5206,"TMAX",1895,2024,"SC","SOUTH CAROLINA"
"4299","USC00381770",34.6603,-82.8233,"TMAX",1896,2024,"SC","SOUTH CAROLINA"
"4353","USC00388887",34.7544,-83.075,"TMAX",1896,2024,"SC","SOUTH CAROLINA"
"4356","USC00389327",34.3706,-81.0825,"TMAX",1896,2023,"SC","SOUTH CAROLINA"
"4347","USC00388426",33.0367,-80.2325,"TMAX",1898,2024,"SC","SOUTH CAROLINA"
"4357","USC00389350",34.9378,-81.0375,"TMAX",1899,2024,"SC","SOUTH CAROLINA"
"4358","USC00389469",32.7019,-80.8517,"TMAX",1899,2023,"SC","SOUTH CAROLINA"
"4386","USC00392797",45.7656,-99.6222,"TMAX",1877,2024,"SD","SOUTH DAKOTA"
"6975","USW00014936",44.3792,-98.2228,"TMAX",1881,2024,"SD","SOUTH DAKOTA"
"4363","USC00390128",43.6514,-97.7981,"TMAX",1893,2024,"SD","SOUTH DAKOTA"
"4369","USC00391049",45.7886,-97.7489,"TMAX",1893,2024,"SD","SOUTH DAKOTA"
"4370","USC00391076",44.325,-96.7686,"TMAX",1893,2024,"SD","SOUTH DAKOTA"
"4371","USC00391294",45.5489,-103.9744,"TMAX",1893,2024,"SD","SOUTH DAKOTA"
"4380","USC00392302",44.3825,-97.5497,"TMAX",1893,2024,"SD","SOUTH DAKOTA"
"4387","USC00392927",45.0325,-99.1225,"TMAX",1893,2024,"SD","SOUTH DAKOTA"
"4388","USC00392984",44.0517,-96.5928,"TMAX",1893,2024,"SD","SOUTH DAKOTA"
"4389","USC00393029",44.0683,-98.0833,"TMAX",1893,2024,"SD","SOUTH DAKOTA"
"4397","USC00393832",44.5139,-99.4422,"TMAX",1893,2024,"SD","SOUTH DAKOTA"
"4400","USC00394037",44.0122,-97.5317,"TMAX",1893,2024,"SD","SOUTH DAKOTA"
"4403","USC00394516",43.9025,-99.8581,"TMAX",1893,2024,"SD","SOUTH DAKOTA"
"4430","USC00396212",43.1878,-103.2372,"TMAX",1893,2023,"SD","SOUTH DAKOTA"
"4445","USC00397882",44.4975,-103.8717,"TMAX",1893,2024,"SD","SOUTH DAKOTA"
"529","CA004013480",50.55,-103.65,"TMAX",1889,2024,"SK","SASKATCHEWAN"
"536","CA004015440",52.3333,-105,"TMAX",1904,2023,"SK","SASKATCHEWAN"
"565","CA004047240",52.3667,-108.8333,"TMAX",1911,2024,"SK","SASKATCHEWAN"
"547","CA004020560",50.8333,-107.3167,"TMAX",1926,2024,"SK","SASKATCHEWAN"
"569","CA004056240",53.2167,-105.6667,"TMAX",1942,2024,"SK","SASKATCHEWAN"
"527","CA004012400",49.2167,-102.9667,"TMAX",1944,2024,"SK","SASKATCHEWAN"
"537","CA004015800",49.3167,-102.1167,"TMAX",1949,2024,"SK","SASKATCHEWAN"
"531","CA004014040",50.2,-102.7333,"TMAX",1950,2024,"SK","SASKATCHEWAN"
"568","CA004055736",51.4833,-107.05,"TMAX",1952,2024,"SK","SASKATCHEWAN"
"582","CA004068340",59.5667,-108.4833,"TMAX",1953,2024,"SK","SASKATCHEWAN"
"530","CA004013660",51.25,-103.75,"TMAX",1956,2024,"SK","SASKATCHEWAN"
"554","CA004028060",50.2667,-107.7333,"TMAX",1959,2024,"SK","SASKATCHEWAN"
"559","CA004034910",49.1,-107.0167,"TMAX",1962,2024,"SK","SASKATCHEWAN"
"526","CA004012300",51.1833,-104.8667,"TMAX",1963,2023,"SK","SASKATCHEWAN"
"562","CA004041000",53.45,-109.2,"TMAX",1964,2024,"SK","SASKATCHEWAN"
"4527","USC00406012",35.9328,-88.7267,"TMAX",1883,2024,"TN","TENNESSEE"
"4472","USC00401480",36.2456,-85.945,"TMAX",1890,2024,"TN","TENNESSEE"
"4478","USC00401790",36.5472,-87.3353,"TMAX",1890,2024,"TN","TENNESSEE"
"4503","USC00403679",36.1056,-82.8436,"TMAX",1890,2024,"TN","TENNESSEE"
"4517","USC00405187",35.4139,-86.8086,"TMAX",1890,2024,"TN","TENNESSEE"
"4537","USC00406371",35.9203,-86.3728,"TMAX",1890,2024,"TN","TENNESSEE"
"4497","USC00403280",35.9417,-86.8686,"TMAX",1893,2024,"TN","TENNESSEE"
"4541","USC00406534",35.9833,-83.2008,"TMAX",1893,2024,"TN","TENNESSEE"
"4574","USC00409502",35.3042,-87.7592,"TMAX",1893,2024,"TN","TENNESSEE"
"4467","USC00400876",35.2622,-88.9892,"TMAX",1894,2024,"TN","TENNESSEE"
"4525","USC00405882",35.6722,-85.7811,"TMAX",1894,2024,"TN","TENNESSEE"
"4469","USC00401145",35.5894,-89.2586,"TMAX",1895,2024,"TN","TENNESSEE"
"4492","USC00402806",36.3539,-82.2486,"TMAX",1895,2024,"TN","TENNESSEE"
"4504","USC00404223",35.5567,-87.5414,"TMAX",1895,2023,"TN","TENNESSEE"
"4506","USC00404561",35.6214,-88.8456,"TMAX",1895,2024,"TN","TENNESSEE"
"4668","USC00413257",30.8272,-100.1103,"TMAX",1877,2024,"TX","TEXAS"
"6851","USW00013972",32.3586,-95.4039,"TMAX",1883,2024,"TX","TEXAS"
"4610","USC00411017",31.1444,-99.3492,"TMAX",1893,2023,"TX","TEXAS"
"4615","USC00411138",31.7228,-99.0142,"TMAX",1893,2024,"TX","TEXAS"
"4640","USC00412019",32.1225,-96.4867,"TMAX",1893,2024,"TX","TEXAS"
"4644","USC00412121",33.6608,-101.2778,"TMAX",1893,2024,"TX","TEXAS"
"4690","USC00413873",29.4706,-96.9397,"TMAX",1893,2024,"TX","TEXAS"
"4695","USC00413992",33.1644,-99.7389,"TMAX",1893,2024,"TX","TEXAS"
"4737","USC00415618",32.4892,-94.3289,"TMAX",1893,2024,"TX","TEXAS"
"4813","USC00418728",29.6197,-95.6575,"TMAX",1893,2024,"TX","TEXAS"
"4814","USC00418743",33.1481,-95.6269,"TMAX",1893,2024,"TX","TEXAS"
"4794","USC00417706",30.0239,-100.2119,"TMAX",1894,2024,"TX","TEXAS"
"4802","USC00417983",29.8833,-97.9494,"TMAX",1895,2024,"TX","TEXAS"
"4617","USC00411250",30.7586,-98.2339,"TMAX",1896,2024,"TX","TEXAS"
"4649","USC00412266",29.0567,-96.2319,"TMAX",1896,2024,"TX","TEXAS"
"1066","MQW00022701",28.2,-177.3833,"TMAX",1949,2024,"UM","U.S. MINOR OUTLYING ISLANDS"
"7751","WQW00041606",19.2833,166.65,"TMAX",1949,2024,"UM","U.S. MINOR OUTLYING ISLANDS"
"4887","USC00422996",40.2842,-109.8611,"TMAX",1887,2024,"UT","UTAH"
"4874","USC00422101",39.2875,-112.6514,"TMAX",1893,2024,"UT","UTAH"
"4885","USC00422828",38.9603,-112.3239,"TMAX",1893,2024,"UT","UTAH"
"4906","USC00425148",38.4061,-111.6422,"TMAX",1893,2024,"UT","UTAH"
"4908","USC00425186",41.7456,-111.8033,"TMAX",1893,2024,"UT","UTAH"
"4911","USC00425402",39.2583,-111.6308,"TMAX",1893,2024,"UT","UTAH"
"4914","USC00425733",38.5744,-109.5458,"TMAX",1893,2023,"UT","UTAH"
"4932","USC00426686",37.8831,-112.7711,"TMAX",1893,2024,"UT","UTAH"
"4937","USC00427165",41.6608,-111.1869,"TMAX",1893,2024,"UT","UTAH"
"4938","USC00427260",38.7617,-112.0778,"TMAX",1893,2023,"UT","UTAH"
"4942","USC00427516",37.1189,-113.6067,"TMAX",1893,2024,"UT","UTAH"
"4958","USC00429111",40.44,-109.5356,"TMAX",1894,2023,"UT","UTAH"
"4904","USC00425065",39.5608,-111.8653,"TMAX",1895,2024,"UT","UTAH"
"4945","USC00427714",39.2453,-112.1067,"TMAX",1895,2024,"UT","UTAH"
"4953","USC00428771",40.5353,-112.3217,"TMAX",1896,2024,"UT","UTAH"
"5027","USC00444876",37.7767,-79.4386,"TMAX",1889,2024,"VA","VIRGINIA"
"4996","USC00440327",37.7553,-77.485,"TMAX",1893,2024,"VA","VIRGINIA"
"5002","USC00441593",38.0328,-78.5225,"TMAX",1893,2024,"VA","VIRGINIA"
"5012","USC00442208",38.4547,-78.9353,"TMAX",1893,2024,"VA","VIRGINIA"
"5015","USC00442790",36.6983,-77.5597,"TMAX",1893,2024,"VA","VIRGINIA"
"5023","USC00444128",37.9994,-79.8322,"TMAX",1893,2024,"VA","VIRGINIA"
"5058","USC00448062",38.1814,-79.0903,"TMAX",1893,2024,"VA","VIRGINIA"
"5068","USC00448894",37.9881,-76.7769,"TMAX",1893,2024,"VA","VIRGINIA"
"5075","USC00449301",36.9364,-81.062,"TMAX",1893,2024,"VA","VIRGINIA"
"5051","USC00447338",36.9769,-79.8961,"TMAX",1894,2024,"VA","VIRGINIA"
"5052","USC00447506",36.8894,-81.7711,"TMAX",1894,2024,"VA","VIRGINIA"
"5000","USC00441209",37.0908,-81.3364,"TMAX",1896,2024,"VA","VIRGINIA"
"5074","USC00449263",38.9031,-78.4792,"TMAX",1896,2022,"VA","VIRGINIA"
"5028","USC00444909",39.1422,-77.7094,"TMAX",1900,2024,"VA","VIRGINIA"
"5019","USC00443272",36.6544,-80.9172,"TMAX",1907,2024,"VA","VIRGINIA"
"7749","VQW00011624",17.6997,-64.8125,"TMAX",1951,2024,"VI","VIRGIN ISLANDS"
"7750","VQW00011640",18.3364,-64.98,"TMAX",1953,2024,"VI","VIRGIN ISLANDS"
"7748","VQC00671740",17.7469,-64.7014,"TMAX",1972,2023,"VI","VIRGIN ISLANDS"
"7747","VQC00670819",18.3539,-65.0172,"TMAX",2022,2024,"VI","VIRGIN ISLANDS"
"4991","USC00439984",43.6303,-72.5072,"TMAX",1892,2024,"VT","VERMONT"
"4968","USC00431580",43.9572,-73.2106,"TMAX",1894,2024,"VT","VERMONT"
"4984","USC00437054",44.42,-72.0194,"TMAX",1894,2024,"VT","VERMONT"
"4983","USC00436995",43.6253,-72.9781,"TMAX",1916,2024,"VT","VERMONT"
"4978","USC00435542",44.9489,-72.1911,"TMAX",1930,2023,"VT","VERMONT"
"6891","USW00014742",44.4683,-73.15,"TMAX",1940,2024,"VT","VERMONT"
"7665","USW00094705",44.205,-72.5656,"TMAX",1948,2024,"VT","VERMONT"
"4988","USC00438556",43.7917,-72.2578,"TMAX",1951,2024,"VT","VERMONT"
"4976","USC00435416",44.5247,-72.8153,"TMAX",1954,2024,"VT","VERMONT"
"4975","USC00435376",44.5139,-72.6236,"TMAX",1962,2024,"VT","VERMONT"
"4981","USC00436335",43.2628,-72.9056,"TMAX",1964,2024,"VT","VERMONT"
"4985","USC00437607",44.6258,-73.3031,"TMAX",1969,2024,"VT","VERMONT"
"4986","USC00437612",44.0725,-72.9736,"TMAX",1981,2024,"VT","VERMONT"
"4971","USC00434120",44.8128,-71.8903,"TMAX",1990,2024,"VT","VERMONT"
"4969","USC00432314",44.6425,-71.8908,"TMAX",1993,2024,"VT","VERMONT"
"7156","USW00024157",47.6217,-117.5281,"TMAX",1889,2024,"WA","WASHINGTON"
"5085","USC00451350",47.8342,-120.0003,"TMAX",1890,2024,"WA","WASHINGTON"
"5076","USC00450008",46.9658,-123.8292,"TMAX",1891,2022,"WA","WASHINGTON"
"5158","USC00458773",45.6775,-122.6514,"TMAX",1891,2023,"WA","WASHINGTON"
"5161","USC00459238",47.7681,-118.7239,"TMAX",1892,2024,"WA","WASHINGTON"
"5084","USC00451276",46.72,-122.9528,"TMAX",1893,2022,"WA","WASHINGTON"
"5095","USC00452007",47.6636,-118.1614,"TMAX",1893,2024,"WA","WASHINGTON"
"5096","USC00452030",46.3153,-118.0022,"TMAX",1893,2024,"WA","WASHINGTON"
"5099","USC00452505",46.9692,-120.54,"TMAX",1893,2024,"WA","WASHINGTON"
"5141","USC00457180",47.2344,-117.3636,"TMAX",1893,2024,"WA","WASHINGTON"
"5102","USC00452675",47.9753,-122.195,"TMAX",1894,2024,"WA","WASHINGTON"
"5109","USC00454154",46.2111,-119.1011,"TMAX",1894,2024,"WA","WASHINGTON"
"5100","USC00452531",47.0092,-123.4008,"TMAX",1896,2023,"WA","WASHINGTON"
"5145","USC00457507",48.4958,-122.2355,"TMAX",1896,2023,"WA","WASHINGTON"
"5081","USC00450872",47.5689,-122.6828,"TMAX",1899,2024,"WA","WASHINGTON"
"6955","USW00014898",44.4986,-88.1111,"TMAX",1886,2024,"WI","WISCONSIN"
"5227","USC00470265",44.2769,-88.4378,"TMAX",1893,2024,"WI","WISCONSIN"
"5233","USC00470516",43.4583,-89.7269,"TMAX",1893,2024,"WI","WISCONSIN"
"5235","USC00470645",43.4428,-88.8453,"TMAX",1893,2024,"WI","WISCONSIN"
"5237","USC00470696",42.5039,-89.0311,"TMAX",1893,2024,"WI","WISCONSIN"
"5266","USC00472839",43.7953,-88.4533,"TMAX",1893,2023,"WI","WISCONSIN"
"5282","USC00473511",46.0003,-91.5075,"TMAX",1893,2024,"WI","WISCONSIN"
"5295","USC00474482",43.0803,-88.8967,"TMAX",1893,2024,"WI","WISCONSIN"
"5296","USC00474546",42.8278,-90.7889,"TMAX",1893,2024,"WI","WISCONSIN"
"5301","USC00475017",44.0869,-87.6522,"TMAX",1893,2024,"WI","WISCONSIN"
"5308","USC00475255",45.1308,-90.3439,"TMAX",1893,2024,"WI","WISCONSIN"
"5316","USC00475808",44.5378,-90.535,"TMAX",1893,2024,"WI","WISCONSIN"
"5318","USC00476200",43.1003,-88.5036,"TMAX",1893,2024,"WI","WISCONSIN"
"5319","USC00476208",44.8919,-87.955,"TMAX",1893,2024,"WI","WISCONSIN"
"5320","USC00476330",44.0206,-88.5578,"TMAX",1893,2024,"WI","WISCONSIN"
"6771","USW00013736",39.6497,-79.9206,"TMAX",1877,2024,"WV","WEST VIRGINIA"
"5169","USC00461220",38.9803,-80.22,"TMAX",1891,2024,"WV","WEST VIRGINIA"
"5182","USC00463544",38.9339,-80.8317,"TMAX",1891,2024,"WV","WEST VIRGINIA"
"5209","USC00467730",39.3389,-78.7711,"TMAX",1891,2024,"WV","WEST VIRGINIA"
"5201","USC00466442",40.5261,-80.6275,"TMAX",1892,2024,"WV","WEST VIRGINIA"
"5214","USC00468384",38.8008,-81.3583,"TMAX",1892,2024,"WV","WEST VIRGINIA"
"5193","USC00465563",38.1025,-81.8464,"TMAX",1894,2024,"WV","WEST VIRGINIA"
"5221","USC00469522",37.7883,-80.3083,"TMAX",1895,2024,"WV","WEST VIRGINIA"
"5166","USC00460580",37.7647,-81.1942,"TMAX",1896,2024,"WV","WEST VIRGINIA"
"5190","USC00465224",37.8567,-80.4042,"TMAX",1900,2024,"WV","WEST VIRGINIA"
"5191","USC00465353",37.8664,-81.9844,"TMAX",1901,2024,"WV","WEST VIRGINIA"
"5165","USC00460527",39.2728,-79.3683,"TMAX",1902,2024,"WV","WEST VIRGINIA"
"5179","USC00462920",39.4583,-80.1353,"TMAX",1905,2024,"WV","WEST VIRGINIA"
"5174","USC00461677",39.2681,-80.3522,"TMAX",1922,2024,"WV","WEST VIRGINIA"
"6767","USW00013729",38.89,-79.8556,"TMAX",1926,2024,"WV","WEST VIRGINIA"
"5396","USC00481816",44.5781,-106.4472,"TMAX",1881,2024,"WY","WYOMING"
"5426","USC00485355",44.8956,-110.2342,"TMAX",1881,2024,"WY","WYOMING"
"5436","USC00486120",41.8969,-106.2061,"TMAX",1881,2023,"WY","WYOMING"
"5411","USC00483100",41.2625,-110.9456,"TMAX",1890,2023,"WY","WYOMING"
"5394","USC00481736",41.3975,-110.0883,"TMAX",1891,2023,"WY","WYOMING"
"5476","USC00489615",42.1106,-104.9492,"TMAX",1893,2023,"WY","WYOMING"
"5480","USC00489905",44.9767,-110.6964,"TMAX",1894,2024,"WY","WYOMING"
"5375","USC00480432",42.4958,-108.7317,"TMAX",1897,2023,"WY","WYOMING"
"5417","USC00484065",41.5167,-109.4703,"TMAX",1897,2024,"WY","WYOMING"
"5434","USC00485770",44.8378,-108.4039,"TMAX",1897,2023,"WY","WYOMING"
"5473","USC00489459",41.6717,-107.9783,"TMAX",1897,2024,"WY","WYOMING"
"5377","USC00480540",44.3797,-108.035,"TMAX",1898,2024,"WY","WYOMING"
"5388","USC00481165",44.3469,-106.6931,"TMAX",1899,2023,"WY","WYOMING"
"5468","USC00488875",43.6483,-108.2036,"TMAX",1899,2024,"WY","WYOMING"
"5423","USC00485055",43.7144,-106.6378,"TMAX",1900,2024,"WY","WYOMING"
"218","CA002101300",60.7167,-135.0667,"TMAX",1942,2024,"YT","YUKON TERRITORY"
"205","CA002100630",60.7667,-137.5833,"TMAX",1944,2024,"YT","YUKON TERRITORY"
"214","CA002100950",68.95,-137.2167,"TMAX",1957,2023,"YT","YUKON TERRITORY"
"206","CA002100636",69.5667,-138.9167,"TMAX",1974,2024,"YT","YUKON TERRITORY"
"203","CA002100402",64.05,-139.1333,"TMAX",1976,2024,"YT","YUKON TERRITORY"
"212","CA002100840",61.0333,-137.05,"TMAX",1980,2024,"YT","YUKON TERRITORY"
"204","CA002100518",62.2,-133.3833,"TMAX",1992,2024,"YT","YUKON TERRITORY"
"216","CA002101102",60.1667,-132.7333,"TMAX",1992,2024,"YT","YUKON TERRITORY"
"208","CA002100682",69.6167,-140.2,"TMAX",1994,2023,"YT","YUKON TERRITORY"
"207","CA002100660",69.1667,-140.15,"TMAX",1995,2024,"YT","YUKON TERRITORY"
"211","CA002100805",67.5667,-139.8333,"TMAX",1995,2024,"YT","YUKON TERRITORY"
"213","CA002100935",66.9833,-136.2167,"TMAX",1995,2024,"YT","YUKON TERRITORY"
"215","CA002100LRP",64.05,-139.1333,"TMAX",1995,2024,"YT","YUKON TERRITORY"
"210","CA002100697",68.8,-140.85,"TMAX",1997,2024,"YT","YUKON TERRITORY"
"209","CA002100693",63.25,-130.0333,"TMAX",1998,2024,"YT","YUKON TERRITORY"
